structure_id,template,mutation,is_wt,is_nolig,anchor_x,anchor_y,anchor_z,target_rank,n_pockets_total,pocket_id,score,druggability_score,number_of_alpha_spheres,total_sasa,polar_sasa,apolar_sasa,volume,mean_local_hydrophobic_density,mean_alpha_sphere_radius,mean_alp_sph_solvent_access,apolar_alpha_sphere_proportion,hydrophobicity_score,volume_score,polarity_score,charge_score,proportion_of_polar_atoms,alpha_sphere_density,cent_of_mass___alpha_sphere_max_dist,flexibility,centroid_x,centroid_y,centroid_z,dist_to_anchor
7GQU_C727A_nolig,7GQU,C727A,False,True,18.737415094339624,21.286754716981132,15.375509433962263,1,28,19,-0.138,0.592,70.0,141.153,33.437,107.716,414.873,42.0,3.921,0.494,0.614,47.125,4.312,6.0,1.0,36.842,4.012,8.652,0.0,15.415857142857144,19.920685714285717,17.093500000000002,3.981253989659089
7GQU_C727R_nolig,7GQU,C727R,False,True,18.737415094339624,21.286754716981132,15.375509433962263,1,28,7,-0.068,0.572,67.0,118.547,31.36,87.187,359.331,41.0,3.933,0.499,0.627,43.688,4.625,7.0,2.0,36.842,3.868,8.652,0.0,15.29892537313433,19.740671641791046,17.17779104477612,4.178732277007167
7GQU_C727S_nolig,7GQU,C727S,False,True,18.737415094339624,21.286754716981132,15.375509433962263,1,27,19,-0.135,0.144,192.0,375.786,141.268,234.517,1359.683,37.429,3.918,0.51,0.474,27.5,4.344,17.0,1.0,41.584,8.855,17.863,0.0,19.381682291666667,24.70506770833333,18.886255208333335,4.942193826699151
7GQU_F730L,7GQU,F730L,False,False,18.737415094339624,21.286754716981132,15.375509433962263,1,27,2,0.521,0.908,190.0,200.578,81.023,119.555,1283.377,41.01,3.931,0.507,0.511,29.094,4.344,16.0,1.0,41.237,8.747,17.863,0.0,19.30714210526316,24.83978421052631,18.925694736842104,5.054940467875147
7GQU_G729D,7GQU,G729D,False,False,18.737415094339624,21.286754716981132,15.375509433962263,1,27,2,0.522,0.908,192.0,200.578,81.023,119.555,1315.686,41.01,3.931,0.508,0.505,27.469,4.438,17.0,0.0,42.424,8.729,17.863,0.0,19.270859375,24.81544791666667,18.88965625,5.008539342237855
7GQU_I852F,7GQU,I852F,False,False,18.737415094339624,21.286754716981132,15.375509433962263,1,27,2,0.522,0.908,190.0,200.578,81.023,119.555,1296.7,41.01,3.931,0.507,0.511,29.188,4.375,16.0,1.0,41.237,8.747,17.863,0.0,19.307142105263157,24.839784210526318,18.925694736842107,5.054940467875154
7GQU_L528S,7GQU,L528S,False,False,18.737415094339624,21.286754716981132,15.375509433962263,1,26,2,0.521,0.908,190.0,200.578,81.023,119.555,1293.703,41.01,3.931,0.507,0.511,29.188,4.375,16.0,1.0,41.237,8.747,17.863,0.0,19.307142105263157,24.839784210526318,18.925694736842107,5.054940467875154
7GQU_WT_prepared,7GQU,,True,False,18.737415094339624,21.286754716981132,15.375509433962263,1,28,2,0.521,0.908,190.0,200.578,81.023,119.555,1290.705,41.01,3.931,0.507,0.511,29.188,4.375,16.0,1.0,41.237,8.747,17.863,0.0,19.30714210526316,24.839784210526318,18.925694736842107,5.054940467875154
9MJT_C727A,9MJT,C727A,False,False,-6.592,2.133,6.493,1,35,2,0.163,0.863,150.0,359.091,113.388,245.703,1112.398,18.4,3.817,0.444,0.333,20.257,3.943,17.0,1.0,45.161,9.374,20.178,0.0,-8.769153333333334,-0.3467066666666666,7.87444,3.5773339602496654
9MJT_C727R,9MJT,C727R,False,False,-6.592,2.133,6.493,1,35,2,0.121,0.884,192.0,460.223,153.01,307.213,1465.654,20.633,3.819,0.464,0.312,14.973,3.838,21.0,3.0,49.565,11.246,28.665,0.0,-5.807380208333334,4.979791666666666,5.882135416666666,3.0154612499663838
9MJT_C727S,9MJT,C727S,False,False,-6.592,2.133,6.493,1,35,1,0.207,0.869,157.0,347.954,125.197,222.758,1143.049,17.673,3.8,0.441,0.312,18.943,3.943,18.0,1.0,45.745,9.31,20.178,0.0,-8.633299363057326,-0.27464331210191084,7.675726114649681,3.370829344568133
9MJT_F730L,9MJT,F730L,False,False,-6.592,2.133,6.493,1,35,2,0.154,0.881,159.0,378.552,124.258,254.294,1243.797,20.296,3.806,0.449,0.34,20.4,3.943,17.0,1.0,45.455,9.582,20.178,0.0,-8.711672955974842,0.07688050314465404,7.598779874213834,3.153314122610713
9MJT_G729D,9MJT,G729D,False,False,-6.592,2.133,6.493,1,35,2,0.161,0.845,156.0,379.799,132.83,246.969,1222.674,20.836,3.812,0.433,0.353,18.914,4.029,18.0,0.0,45.361,9.702,20.178,0.0,-8.773166666666665,0.062051282051282006,7.502397435897435,3.1725699052578062
9MJT_I852F,9MJT,I852F,False,False,-6.592,2.133,6.493,1,35,2,0.159,0.881,159.0,377.345,124.258,253.087,1246.283,20.296,3.806,0.449,0.34,20.486,3.971,17.0,1.0,45.455,9.582,20.178,0.0,-8.711672955974842,0.0768805031446542,7.598779874213836,3.1533141226107135
9MJT_L528S,9MJT,L528S,False,False,-6.592,2.133,6.493,1,35,2,0.159,0.881,159.0,377.345,124.258,253.087,1198.651,20.296,3.806,0.449,0.34,20.486,3.971,17.0,1.0,45.455,9.582,20.178,0.0,-8.711672955974842,0.07688050314465408,7.598779874213838,3.153314122610714
9MJT_WT_prepared,9MJT,,True,False,-6.592,2.133,6.493,1,35,2,0.163,0.871,155.0,377.345,124.258,253.087,1207.35,20.038,3.806,0.443,0.335,20.486,3.971,17.0,1.0,45.918,9.627,20.178,0.0,-8.64252258064516,-0.04283225806451611,7.587296774193548,3.1837673123173156
9S18_C727A,9S18,C727A,False,False,27.649649999999998,0.7025625000000001,17.785125,1,35,1,0.843,0.936,207.0,214.361,97.162,117.199,1602.31,29.045,3.938,0.447,0.324,21.114,4.2,17.0,4.0,41.584,8.97,23.799,0.0,27.393599033816425,1.3188550724637684,16.75992753623188,1.223277757450913
9S18_C727R,9S18,C727R,False,False,27.649649999999998,0.7025625000000001,17.785125,1,36,1,0.834,0.974,171.0,156.521,65.89,90.631,1129.684,31.088,3.892,0.443,0.333,23.714,4.679,15.0,5.0,42.857,8.454,23.799,0.0,26.629637426900583,0.8388888888888891,15.43611111111111,2.564542217196138
9S18_C727S,9S18,C727S,False,False,27.649649999999998,0.7025625000000001,17.785125,1,35,1,0.816,0.943,210.0,210.237,101.492,108.746,1512.716,29.645,3.944,0.452,0.295,18.147,4.206,18.0,4.0,44.0,9.123,23.799,0.0,27.45439523809524,0.7501142857142858,16.837395238095237,0.9688019900739062
9S18_F730L,9S18,F730L,False,False,27.649649999999998,0.7025625000000001,17.785125,1,35,1,0.838,0.921,206.0,214.576,96.09,118.486,1549.318,28.03,3.928,0.436,0.325,21.5,4.235,16.0,4.0,42.424,8.958,23.799,0.0,27.296800970873786,1.338121359223301,16.79592233009709,1.2275827560843235
9S18_G729D,9S18,G729D,False,False,27.649649999999998,0.7025625000000001,17.785125,1,35,1,0.838,0.921,210.0,214.576,96.09,118.486,1555.328,28.03,3.92,0.437,0.319,21.343,4.229,17.0,4.0,42.0,8.932,23.799,0.0,27.39935238095238,1.3004285714285713,16.811709523809526,1.1694573214758497
9S18_I852F,9S18,I852F,False,False,27.649649999999998,0.7025625000000001,17.785125,1,35,1,0.841,0.947,221.0,216.763,98.277,118.486,1602.31,29.944,3.923,0.442,0.321,21.371,4.257,17.0,4.0,42.157,9.141,23.799,0.0,27.531895927601806,0.8388597285067875,16.976266968325792,0.8286701825629215
9S18_L528S,9S18,L528S,False,False,27.649649999999998,0.7025625000000001,17.785125,1,34,1,0.849,0.941,214.0,216.763,98.277,118.486,1570.624,29.457,3.925,0.439,0.327,21.588,4.265,16.0,4.0,42.574,9.158,23.799,0.0,27.419285046728977,0.967607476635514,16.91964018691589,0.9340132831038972
9S18_WT_prepared,9S18,,True,False,27.649649999999998,0.7025625000000001,17.785125,1,35,1,0.849,0.941,218.0,216.763,98.277,118.486,1570.078,29.457,3.918,0.441,0.321,21.343,4.229,17.0,4.0,42.157,9.126,23.799,0.0,27.515825688073395,0.9380963302752293,16.932577981651377,0.8945510327319941
9S19_C727A,9S19,C727A,False,False,-0.6,61.44,41.48,1,62,4,0.336,0.173,119.0,208.88,124.346,84.534,1207.431,14.696,3.921,0.47,0.193,12.5,4.071,19.0,4.0,55.072,8.066,19.543,0.0,1.3227563025210083,57.954865546218485,39.688731092436974,4.364836567275027
9S19_C727R,9S19,C727R,False,False,-0.6,61.44,41.48,1,64,4,0.323,0.096,119.0,208.88,124.346,84.534,1216.315,14.696,3.921,0.47,0.193,12.5,4.071,19.0,4.0,55.072,8.066,19.543,0.0,1.3227563025210087,57.954865546218485,39.688731092436974,4.364836567275027
9S19_C727S,9S19,C727S,False,False,-0.6,61.44,41.48,1,61,4,0.273,0.107,119.0,208.88,124.346,84.534,1230.752,14.696,3.921,0.47,0.193,12.5,4.071,19.0,4.0,55.072,8.066,19.543,0.0,1.3227563025210083,57.95486554621849,39.688731092436974,4.364836567275021
9S19_F730L,9S19,F730L,False,False,-0.6,61.44,41.48,1,62,4,0.399,0.183,119.0,208.88,124.346,84.534,1237.138,14.696,3.921,0.47,0.193,12.5,4.071,19.0,4.0,55.072,8.066,19.543,0.0,1.3227563025210083,57.95486554621847,39.68873109243698,4.364836567275036
9S19_G729D,9S19,G729D,False,False,-0.6,61.44,41.48,1,65,3,0.486,0.099,119.0,208.88,124.346,84.534,1234.917,14.696,3.921,0.47,0.193,12.5,4.071,19.0,4.0,55.072,8.066,19.543,0.0,1.3227563025210083,57.95486554621847,39.68873109243698,4.364836567275036
9S19_I852F,9S19,I852F,False,False,-0.6,61.44,41.48,1,63,4,0.336,0.183,119.0,208.88,124.346,84.534,1282.947,14.696,3.921,0.47,0.193,12.5,4.071,19.0,4.0,55.072,8.066,19.543,0.0,1.3227563025210083,57.95486554621849,39.68873109243697,4.364836567275025
9S19_L528S,9S19,L528S,False,False,-0.6,61.44,41.48,1,67,4,0.298,0.163,119.0,208.88,124.346,84.534,1227.143,14.696,3.921,0.47,0.193,12.5,4.071,19.0,4.0,55.072,8.066,19.543,0.0,1.3227563025210085,57.954865546218485,39.68873109243698,4.364836567275025
9S19_WT_prepared,9S19,,True,False,-0.6,61.44,41.48,1,70,3,0.486,0.183,119.0,208.88,124.346,84.534,1214.094,14.696,3.921,0.47,0.193,12.5,4.071,19.0,4.0,55.072,8.066,19.543,0.0,1.3227563025210085,57.95486554621848,39.68873109243698,4.36483656727503
