structure_id,template,mutation,is_wt,is_nolig,chain,canonical_resid,canonical_label,file_resid,resname_observed,ca_x,ca_y,ca_z,chi1_deg,terminal_atom,dist_terminal_to_anchor,found
7GQU_C727A_nolig,7GQU,C727A,False,True,A,528,L528,2,LEU,26.931,38.877,21.853,63.003322349262234,CD1,20.300365708702994,True
7GQU_C727A_nolig,7GQU,C727A,False,True,A,727,C727,201,ALA,18.819,26.772,14.754,,CB,4.094313979617117,True
7GQU_C727A_nolig,7GQU,C727A,False,True,A,729,G729,203,GLY,17.85,25.666,20.797,,CA,7.025514554546236,True
7GQU_C727A_nolig,7GQU,C727A,False,True,A,730,F730,204,PHE,16.162,24.781,24.082,168.76964888566826,CZ,12.9588127441241,True
7GQU_C727A_nolig,7GQU,C727A,False,True,A,852,I852,326,ILE,6.196,21.775,24.037,-67.17019135454116,CD1,13.485220271653294,True
7GQU_C727A_nolig,7GQU,C727A,False,True,A,573,T573,47,THR,7.535,28.863,17.145,59.98133700022601,OG1,14.899689409878917,True
7GQU_C727A_nolig,7GQU,C727A,False,True,A,705,T705,179,THR,12.668,20.583,10.585,-175.32739538228927,OG1,8.68696351521241,True
7GQU_C727A_nolig,7GQU,C727A,False,True,A,707,S707,181,SER,16.251,17.444,7.958,-163.6216491586068,OG,11.128696552772393,True
7GQU_C727A_nolig,7GQU,C727A,False,True,A,711,R711,185,ARG,17.366,22.038,3.831,-175.605687793105,CZ,8.315873554988437,True
7GQU_C727A_nolig,7GQU,C727A,False,True,A,846,E846,320,GLU,11.305,17.242,16.507,77.0144041252075,OE1,8.13778475845908,True
7GQU_C727A_nolig,7GQU,C727A,False,True,A,849,Y849,323,TYR,10.187,19.895,20.681,-166.98328206539654,OH,6.891873417944587,True
7GQU_C727A_nolig,7GQU,C727A,False,True,A,851,E851,325,GLU,4.806,21.048,20.565,72.79654792252543,OE1,16.21339763554254,True
7GQU_C727A_nolig,7GQU,C727A,False,True,A,917,F917,391,PHE,22.164,20.491,19.787,54.4557822562917,CZ,4.538853113544178,True
7GQU_C727A_nolig,7GQU,C727A,False,True,A,577,K577,51,LYS,11.594,32.528,15.715,-165.06131551576743,NZ,14.086012722432079,True
7GQU_C727A_nolig,7GQU,C727A,False,True,A,575,Y575,49,TYR,11.675,29.574,20.878,63.2926746989397,OH,11.180759623395051,True
7GQU_C727R_nolig,7GQU,C727R,False,True,A,528,L528,2,LEU,26.931,38.877,21.853,63.003322349262234,CD1,20.300365708702994,True
7GQU_C727R_nolig,7GQU,C727R,False,True,A,727,C727,201,ARG,18.819,26.772,14.754,-156.75221223963854,CZ,3.950248136642387,True
7GQU_C727R_nolig,7GQU,C727R,False,True,A,729,G729,203,GLY,17.85,25.666,20.797,,CA,7.025514554546236,True
7GQU_C727R_nolig,7GQU,C727R,False,True,A,730,F730,204,PHE,16.162,24.781,24.082,168.76964888566826,CZ,12.9588127441241,True
7GQU_C727R_nolig,7GQU,C727R,False,True,A,852,I852,326,ILE,6.196,21.775,24.037,-67.17019135454116,CD1,13.485220271653294,True
7GQU_C727R_nolig,7GQU,C727R,False,True,A,573,T573,47,THR,7.535,28.863,17.145,59.98133700022601,OG1,14.899689409878917,True
7GQU_C727R_nolig,7GQU,C727R,False,True,A,705,T705,179,THR,12.668,20.583,10.585,-175.32739538228927,OG1,8.68696351521241,True
7GQU_C727R_nolig,7GQU,C727R,False,True,A,707,S707,181,SER,16.251,17.444,7.958,-163.6216491586068,OG,11.128696552772393,True
7GQU_C727R_nolig,7GQU,C727R,False,True,A,711,R711,185,ARG,17.366,22.038,3.831,-175.605687793105,CZ,8.315873554988437,True
7GQU_C727R_nolig,7GQU,C727R,False,True,A,846,E846,320,GLU,11.305,17.242,16.507,77.0144041252075,OE1,8.13778475845908,True
7GQU_C727R_nolig,7GQU,C727R,False,True,A,849,Y849,323,TYR,10.187,19.895,20.681,-166.98328206539654,OH,6.891873417944587,True
7GQU_C727R_nolig,7GQU,C727R,False,True,A,851,E851,325,GLU,4.806,21.048,20.565,72.79654792252543,OE1,16.21339763554254,True
7GQU_C727R_nolig,7GQU,C727R,False,True,A,917,F917,391,PHE,22.164,20.491,19.787,54.4557822562917,CZ,4.538853113544178,True
7GQU_C727R_nolig,7GQU,C727R,False,True,A,577,K577,51,LYS,11.594,32.528,15.715,-165.06131551576743,NZ,14.086012722432079,True
7GQU_C727R_nolig,7GQU,C727R,False,True,A,575,Y575,49,TYR,11.675,29.574,20.878,63.2926746989397,OH,11.180759623395051,True
7GQU_C727S_nolig,7GQU,C727S,False,True,A,528,L528,2,LEU,26.931,38.877,21.853,63.003322349262234,CD1,20.300365708702994,True
7GQU_C727S_nolig,7GQU,C727S,False,True,A,727,C727,201,SER,18.819,26.772,14.754,48.212181473053555,OG,3.580288596661761,True
7GQU_C727S_nolig,7GQU,C727S,False,True,A,729,G729,203,GLY,17.85,25.666,20.797,,CA,7.025514554546236,True
7GQU_C727S_nolig,7GQU,C727S,False,True,A,730,F730,204,PHE,16.162,24.781,24.082,168.76964888566826,CZ,12.9588127441241,True
7GQU_C727S_nolig,7GQU,C727S,False,True,A,852,I852,326,ILE,6.196,21.775,24.037,-67.17019135454116,CD1,13.485220271653294,True
7GQU_C727S_nolig,7GQU,C727S,False,True,A,573,T573,47,THR,7.535,28.863,17.145,59.98133700022601,OG1,14.899689409878917,True
7GQU_C727S_nolig,7GQU,C727S,False,True,A,705,T705,179,THR,12.668,20.583,10.585,-175.32739538228927,OG1,8.68696351521241,True
7GQU_C727S_nolig,7GQU,C727S,False,True,A,707,S707,181,SER,16.251,17.444,7.958,-163.6216491586068,OG,11.128696552772393,True
7GQU_C727S_nolig,7GQU,C727S,False,True,A,711,R711,185,ARG,17.366,22.038,3.831,-175.605687793105,CZ,8.315873554988437,True
7GQU_C727S_nolig,7GQU,C727S,False,True,A,846,E846,320,GLU,11.305,17.242,16.507,77.0144041252075,OE1,8.13778475845908,True
7GQU_C727S_nolig,7GQU,C727S,False,True,A,849,Y849,323,TYR,10.187,19.895,20.681,-166.98328206539654,OH,6.891873417944587,True
7GQU_C727S_nolig,7GQU,C727S,False,True,A,851,E851,325,GLU,4.806,21.048,20.565,72.79654792252543,OE1,16.21339763554254,True
7GQU_C727S_nolig,7GQU,C727S,False,True,A,917,F917,391,PHE,22.164,20.491,19.787,54.4557822562917,CZ,4.538853113544178,True
7GQU_C727S_nolig,7GQU,C727S,False,True,A,577,K577,51,LYS,11.594,32.528,15.715,-165.06131551576743,NZ,14.086012722432079,True
7GQU_C727S_nolig,7GQU,C727S,False,True,A,575,Y575,49,TYR,11.675,29.574,20.878,63.2926746989397,OH,11.180759623395051,True
7GQU_F730L,7GQU,F730L,False,False,A,528,L528,2,LEU,26.931,38.877,21.853,63.003322349262234,CD1,20.300365708702994,True
7GQU_F730L,7GQU,F730L,False,False,A,727,C727,201,CYS,18.819,26.772,14.754,63.64257773258854,SG,3.609178509142761,True
7GQU_F730L,7GQU,F730L,False,False,A,729,G729,203,GLY,17.85,25.666,20.797,,CA,7.025514554546236,True
7GQU_F730L,7GQU,F730L,False,False,A,730,F730,204,LEU,16.162,24.781,24.082,168.76964888566826,CD1,10.759666489426527,True
7GQU_F730L,7GQU,F730L,False,False,A,852,I852,326,ILE,6.196,21.775,24.037,-67.17019135454116,CD1,13.485220271653294,True
7GQU_F730L,7GQU,F730L,False,False,A,573,T573,47,THR,7.535,28.863,17.145,59.98133700022601,OG1,14.899689409878917,True
7GQU_F730L,7GQU,F730L,False,False,A,705,T705,179,THR,12.668,20.583,10.585,-175.32739538228927,OG1,8.68696351521241,True
7GQU_F730L,7GQU,F730L,False,False,A,707,S707,181,SER,16.251,17.444,7.958,-163.6216491586068,OG,11.128696552772393,True
7GQU_F730L,7GQU,F730L,False,False,A,711,R711,185,ARG,17.366,22.038,3.831,-175.605687793105,CZ,8.315873554988437,True
7GQU_F730L,7GQU,F730L,False,False,A,846,E846,320,GLU,11.305,17.242,16.507,77.0144041252075,OE1,8.13778475845908,True
7GQU_F730L,7GQU,F730L,False,False,A,849,Y849,323,TYR,10.187,19.895,20.681,-166.98328206539654,OH,6.891873417944587,True
7GQU_F730L,7GQU,F730L,False,False,A,851,E851,325,GLU,4.806,21.048,20.565,72.79654792252543,OE1,16.21339763554254,True
7GQU_F730L,7GQU,F730L,False,False,A,917,F917,391,PHE,22.164,20.491,19.787,54.4557822562917,CZ,4.538853113544178,True
7GQU_F730L,7GQU,F730L,False,False,A,577,K577,51,LYS,11.594,32.528,15.715,-165.06131551576743,NZ,14.086012722432079,True
7GQU_F730L,7GQU,F730L,False,False,A,575,Y575,49,TYR,11.675,29.574,20.878,63.2926746989397,OH,11.180759623395051,True
7GQU_G729D,7GQU,G729D,False,False,A,528,L528,2,LEU,26.931,38.877,21.853,63.003322349262234,CD1,20.300365708702994,True
7GQU_G729D,7GQU,G729D,False,False,A,727,C727,201,CYS,18.819,26.772,14.754,63.64257773258854,SG,3.609178509142761,True
7GQU_G729D,7GQU,G729D,False,False,A,729,G729,203,ASP,17.85,25.666,20.797,-42.38259476882409,OD1,5.817051775591703,True
7GQU_G729D,7GQU,G729D,False,False,A,730,F730,204,PHE,16.162,24.781,24.082,168.76964888566826,CZ,12.9588127441241,True
7GQU_G729D,7GQU,G729D,False,False,A,852,I852,326,ILE,6.196,21.775,24.037,-67.17019135454116,CD1,13.485220271653294,True
7GQU_G729D,7GQU,G729D,False,False,A,573,T573,47,THR,7.535,28.863,17.145,59.98133700022601,OG1,14.899689409878917,True
7GQU_G729D,7GQU,G729D,False,False,A,705,T705,179,THR,12.668,20.583,10.585,-175.32739538228927,OG1,8.68696351521241,True
7GQU_G729D,7GQU,G729D,False,False,A,707,S707,181,SER,16.251,17.444,7.958,-163.6216491586068,OG,11.128696552772393,True
7GQU_G729D,7GQU,G729D,False,False,A,711,R711,185,ARG,17.366,22.038,3.831,-175.605687793105,CZ,8.315873554988437,True
7GQU_G729D,7GQU,G729D,False,False,A,846,E846,320,GLU,11.305,17.242,16.507,77.0144041252075,OE1,8.13778475845908,True
7GQU_G729D,7GQU,G729D,False,False,A,849,Y849,323,TYR,10.187,19.895,20.681,-166.98328206539654,OH,6.891873417944587,True
7GQU_G729D,7GQU,G729D,False,False,A,851,E851,325,GLU,4.806,21.048,20.565,72.79654792252543,OE1,16.21339763554254,True
7GQU_G729D,7GQU,G729D,False,False,A,917,F917,391,PHE,22.164,20.491,19.787,54.4557822562917,CZ,4.538853113544178,True
7GQU_G729D,7GQU,G729D,False,False,A,577,K577,51,LYS,11.594,32.528,15.715,-165.06131551576743,NZ,14.086012722432079,True
7GQU_G729D,7GQU,G729D,False,False,A,575,Y575,49,TYR,11.675,29.574,20.878,63.2926746989397,OH,11.180759623395051,True
7GQU_I852F,7GQU,I852F,False,False,A,528,L528,2,LEU,26.931,38.877,21.853,63.003322349262234,CD1,20.300365708702994,True
7GQU_I852F,7GQU,I852F,False,False,A,727,C727,201,CYS,18.819,26.772,14.754,63.64257773258854,SG,3.609178509142761,True
7GQU_I852F,7GQU,I852F,False,False,A,729,G729,203,GLY,17.85,25.666,20.797,,CA,7.025514554546236,True
7GQU_I852F,7GQU,I852F,False,False,A,730,F730,204,PHE,16.162,24.781,24.082,168.76964888566826,CZ,12.9588127441241,True
7GQU_I852F,7GQU,I852F,False,False,A,852,I852,326,PHE,6.196,21.775,24.037,169.46939092174702,CZ,14.868720563954762,True
7GQU_I852F,7GQU,I852F,False,False,A,573,T573,47,THR,7.535,28.863,17.145,59.98133700022601,OG1,14.899689409878917,True
7GQU_I852F,7GQU,I852F,False,False,A,705,T705,179,THR,12.668,20.583,10.585,-175.32739538228927,OG1,8.68696351521241,True
7GQU_I852F,7GQU,I852F,False,False,A,707,S707,181,SER,16.251,17.444,7.958,-163.6216491586068,OG,11.128696552772393,True
7GQU_I852F,7GQU,I852F,False,False,A,711,R711,185,ARG,17.366,22.038,3.831,-175.605687793105,CZ,8.315873554988437,True
7GQU_I852F,7GQU,I852F,False,False,A,846,E846,320,GLU,11.305,17.242,16.507,77.0144041252075,OE1,8.13778475845908,True
7GQU_I852F,7GQU,I852F,False,False,A,849,Y849,323,TYR,10.187,19.895,20.681,-166.98328206539654,OH,6.891873417944587,True
7GQU_I852F,7GQU,I852F,False,False,A,851,E851,325,GLU,4.806,21.048,20.565,72.79654792252543,OE1,16.21339763554254,True
7GQU_I852F,7GQU,I852F,False,False,A,917,F917,391,PHE,22.164,20.491,19.787,54.4557822562917,CZ,4.538853113544178,True
7GQU_I852F,7GQU,I852F,False,False,A,577,K577,51,LYS,11.594,32.528,15.715,-165.06131551576743,NZ,14.086012722432079,True
7GQU_I852F,7GQU,I852F,False,False,A,575,Y575,49,TYR,11.675,29.574,20.878,63.2926746989397,OH,11.180759623395051,True
7GQU_L528S,7GQU,L528S,False,False,A,528,L528,2,SER,26.931,38.877,21.853,46.338130624962396,OG,20.303136342937623,True
7GQU_L528S,7GQU,L528S,False,False,A,727,C727,201,CYS,18.819,26.772,14.754,63.64257773258854,SG,3.609178509142761,True
7GQU_L528S,7GQU,L528S,False,False,A,729,G729,203,GLY,17.85,25.666,20.797,,CA,7.025514554546236,True
7GQU_L528S,7GQU,L528S,False,False,A,730,F730,204,PHE,16.162,24.781,24.082,168.76964888566826,CZ,12.9588127441241,True
7GQU_L528S,7GQU,L528S,False,False,A,852,I852,326,ILE,6.196,21.775,24.037,-67.17019135454116,CD1,13.485220271653294,True
7GQU_L528S,7GQU,L528S,False,False,A,573,T573,47,THR,7.535,28.863,17.145,59.98133700022601,OG1,14.899689409878917,True
7GQU_L528S,7GQU,L528S,False,False,A,705,T705,179,THR,12.668,20.583,10.585,-175.32739538228927,OG1,8.68696351521241,True
7GQU_L528S,7GQU,L528S,False,False,A,707,S707,181,SER,16.251,17.444,7.958,-163.6216491586068,OG,11.128696552772393,True
7GQU_L528S,7GQU,L528S,False,False,A,711,R711,185,ARG,17.366,22.038,3.831,-175.605687793105,CZ,8.315873554988437,True
7GQU_L528S,7GQU,L528S,False,False,A,846,E846,320,GLU,11.305,17.242,16.507,77.0144041252075,OE1,8.13778475845908,True
7GQU_L528S,7GQU,L528S,False,False,A,849,Y849,323,TYR,10.187,19.895,20.681,-166.98328206539654,OH,6.891873417944587,True
7GQU_L528S,7GQU,L528S,False,False,A,851,E851,325,GLU,4.806,21.048,20.565,72.79654792252543,OE1,16.21339763554254,True
7GQU_L528S,7GQU,L528S,False,False,A,917,F917,391,PHE,22.164,20.491,19.787,54.4557822562917,CZ,4.538853113544178,True
7GQU_L528S,7GQU,L528S,False,False,A,577,K577,51,LYS,11.594,32.528,15.715,-165.06131551576743,NZ,14.086012722432079,True
7GQU_L528S,7GQU,L528S,False,False,A,575,Y575,49,TYR,11.675,29.574,20.878,63.2926746989397,OH,11.180759623395051,True
7GQU_WT_prepared,7GQU,,True,False,A,528,L528,13,LEU,26.931,38.877,21.853,63.003322349262234,CD1,20.300365708702994,True
7GQU_WT_prepared,7GQU,,True,False,A,727,C727,212,CYS,18.819,26.772,14.754,63.64257773258854,SG,3.609178509142761,True
7GQU_WT_prepared,7GQU,,True,False,A,729,G729,214,GLY,17.85,25.666,20.797,,CA,7.025514554546236,True
7GQU_WT_prepared,7GQU,,True,False,A,730,F730,215,PHE,16.162,24.781,24.082,168.76964888566826,CZ,12.9588127441241,True
7GQU_WT_prepared,7GQU,,True,False,A,852,I852,337,ILE,6.196,21.775,24.037,-67.17019135454116,CD1,13.485220271653294,True
7GQU_WT_prepared,7GQU,,True,False,A,573,T573,58,THR,7.535,28.863,17.145,59.98133700022601,OG1,14.899689409878917,True
7GQU_WT_prepared,7GQU,,True,False,A,705,T705,190,THR,12.668,20.583,10.585,-175.32739538228927,OG1,8.68696351521241,True
7GQU_WT_prepared,7GQU,,True,False,A,707,S707,192,SER,16.251,17.444,7.958,-163.6216491586068,OG,11.128696552772393,True
7GQU_WT_prepared,7GQU,,True,False,A,711,R711,196,ARG,17.366,22.038,3.831,-175.605687793105,CZ,8.315873554988437,True
7GQU_WT_prepared,7GQU,,True,False,A,846,E846,331,GLU,11.305,17.242,16.507,77.0144041252075,OE1,8.13778475845908,True
7GQU_WT_prepared,7GQU,,True,False,A,849,Y849,334,TYR,10.187,19.895,20.681,-166.98328206539654,OH,6.891873417944587,True
7GQU_WT_prepared,7GQU,,True,False,A,851,E851,336,GLU,4.806,21.048,20.565,72.79654792252543,OE1,16.21339763554254,True
7GQU_WT_prepared,7GQU,,True,False,A,917,F917,402,PHE,22.164,20.491,19.787,54.4557822562917,CZ,4.538853113544178,True
7GQU_WT_prepared,7GQU,,True,False,A,577,K577,62,LYS,11.594,32.528,15.715,-165.06131551576743,NZ,14.086012722432079,True
7GQU_WT_prepared,7GQU,,True,False,A,575,Y575,60,TYR,11.675,29.574,20.878,63.2926746989397,OH,11.180759623395051,True
9MJT_C727A,9MJT,C727A,False,False,A,528,L528,12,LEU,-7.768,-16.026,7.391,56.420942581427106,CD1,18.234636738909828,True
9MJT_C727A,9MJT,C727A,False,False,A,727,C727,211,ALA,-5.316,-0.098,7.541,,CB,1.8095681805336872,True
9MJT_C727A,9MJT,C727A,False,False,A,729,G729,213,GLY,-12.143,0.925,8.078,,CA,5.897888605255275,True
9MJT_C727A,9MJT,C727A,False,False,A,730,F730,214,PHE,-13.788,1.992,4.839,165.26521548911674,CZ,10.080245284714058,True
9MJT_C727A,9MJT,C727A,False,False,A,852,I852,336,ILE,-9.355,0.985,-4.427,-64.82608745223402,CD1,11.398362777171114,True
9MJT_C727A,9MJT,C727A,False,False,A,573,T573,57,THR,-11.119,3.833,18.081,43.485718464790764,OG1,13.436412058284013,True
9MJT_C727A,9MJT,C727A,False,False,A,705,T705,189,THR,-4.011,9.096,10.453,37.60290381369635,OG1,10.736141019938216,True
9MJT_C727A,9MJT,C727A,False,False,A,707,S707,191,SER,-0.621,9.694,5.892,-164.86944035441599,OG,12.037554236637938,True
9MJT_C727A,9MJT,C727A,False,False,A,711,R711,195,ARG,3.899,6.563,8.857,179.63267670967545,CZ,11.523969107907224,True
9MJT_C727A,9MJT,C727A,False,False,A,846,E846,330,GLU,-7.447,-7.897,0.369,87.25288422557914,OE1,13.33038056471007,True
9MJT_C727A,9MJT,C727A,False,False,A,849,Y849,333,TYR,-9.415,-3.307,-0.757,168.02612357162,OH,6.324057795434828,True
9MJT_C727A,9MJT,C727A,False,False,A,851,E851,335,GLU,-5.95,-0.886,-4.417,77.19671358711842,OE1,14.715055181683825,True
9MJT_C727A,9MJT,C727A,False,False,A,917,F917,401,PHE,-13.133,-6.489,6.798,70.72879839533861,CZ,10.84668640645612,True
9MJT_C727A,9MJT,C727A,False,False,A,577,K577,61,LYS,-8.291,-1.626,17.407,179.8401665575894,NZ,12.160495425762884,True
9MJT_C727A,9MJT,C727A,False,False,A,575,Y575,59,TYR,-13.169,-3.109,19.617,-162.10860975812335,OH,18.339665509490622,True
9MJT_C727R,9MJT,C727R,False,False,A,528,L528,12,LEU,-7.768,-16.026,7.391,56.420942581427106,CD1,18.234636738909828,True
9MJT_C727R,9MJT,C727R,False,False,A,727,C727,211,ARG,-5.316,-0.098,7.541,-54.13262968516677,CZ,3.9811582485502885,True
9MJT_C727R,9MJT,C727R,False,False,A,729,G729,213,GLY,-12.143,0.925,8.078,,CA,5.897888605255275,True
9MJT_C727R,9MJT,C727R,False,False,A,730,F730,214,PHE,-13.788,1.992,4.839,165.26521548911674,CZ,10.080245284714058,True
9MJT_C727R,9MJT,C727R,False,False,A,852,I852,336,ILE,-9.355,0.985,-4.427,-64.82608745223402,CD1,11.398362777171114,True
9MJT_C727R,9MJT,C727R,False,False,A,573,T573,57,THR,-11.119,3.833,18.081,43.485718464790764,OG1,13.436412058284013,True
9MJT_C727R,9MJT,C727R,False,False,A,705,T705,189,THR,-4.011,9.096,10.453,37.60290381369635,OG1,10.736141019938216,True
9MJT_C727R,9MJT,C727R,False,False,A,707,S707,191,SER,-0.621,9.694,5.892,-164.86944035441599,OG,12.037554236637938,True
9MJT_C727R,9MJT,C727R,False,False,A,711,R711,195,ARG,3.899,6.563,8.857,179.63267670967545,CZ,11.523969107907224,True
9MJT_C727R,9MJT,C727R,False,False,A,846,E846,330,GLU,-7.447,-7.897,0.369,87.25288422557914,OE1,13.33038056471007,True
9MJT_C727R,9MJT,C727R,False,False,A,849,Y849,333,TYR,-9.415,-3.307,-0.757,168.02612357162,OH,6.324057795434828,True
9MJT_C727R,9MJT,C727R,False,False,A,851,E851,335,GLU,-5.95,-0.886,-4.417,77.19671358711842,OE1,14.715055181683825,True
9MJT_C727R,9MJT,C727R,False,False,A,917,F917,401,PHE,-13.133,-6.489,6.798,70.72879839533861,CZ,10.84668640645612,True
9MJT_C727R,9MJT,C727R,False,False,A,577,K577,61,LYS,-8.291,-1.626,17.407,179.8401665575894,NZ,12.160495425762884,True
9MJT_C727R,9MJT,C727R,False,False,A,575,Y575,59,TYR,-13.169,-3.109,19.617,-162.10860975812335,OH,18.339665509490622,True
9MJT_C727S,9MJT,C727S,False,False,A,528,L528,12,LEU,-7.768,-16.026,7.391,56.420942581427106,CD1,18.234636738909828,True
9MJT_C727S,9MJT,C727S,False,False,A,727,C727,211,SER,-5.316,-0.098,7.541,50.36630377080058,OG,2.6253306458425385,True
9MJT_C727S,9MJT,C727S,False,False,A,729,G729,213,GLY,-12.143,0.925,8.078,,CA,5.897888605255275,True
9MJT_C727S,9MJT,C727S,False,False,A,730,F730,214,PHE,-13.788,1.992,4.839,165.26521548911674,CZ,10.080245284714058,True
9MJT_C727S,9MJT,C727S,False,False,A,852,I852,336,ILE,-9.355,0.985,-4.427,-64.82608745223402,CD1,11.398362777171114,True
9MJT_C727S,9MJT,C727S,False,False,A,573,T573,57,THR,-11.119,3.833,18.081,43.485718464790764,OG1,13.436412058284013,True
9MJT_C727S,9MJT,C727S,False,False,A,705,T705,189,THR,-4.011,9.096,10.453,37.60290381369635,OG1,10.736141019938216,True
9MJT_C727S,9MJT,C727S,False,False,A,707,S707,191,SER,-0.621,9.694,5.892,-164.86944035441599,OG,12.037554236637938,True
9MJT_C727S,9MJT,C727S,False,False,A,711,R711,195,ARG,3.899,6.563,8.857,179.63267670967545,CZ,11.523969107907224,True
9MJT_C727S,9MJT,C727S,False,False,A,846,E846,330,GLU,-7.447,-7.897,0.369,87.25288422557914,OE1,13.33038056471007,True
9MJT_C727S,9MJT,C727S,False,False,A,849,Y849,333,TYR,-9.415,-3.307,-0.757,168.02612357162,OH,6.324057795434828,True
9MJT_C727S,9MJT,C727S,False,False,A,851,E851,335,GLU,-5.95,-0.886,-4.417,77.19671358711842,OE1,14.715055181683825,True
9MJT_C727S,9MJT,C727S,False,False,A,917,F917,401,PHE,-13.133,-6.489,6.798,70.72879839533861,CZ,10.84668640645612,True
9MJT_C727S,9MJT,C727S,False,False,A,577,K577,61,LYS,-8.291,-1.626,17.407,179.8401665575894,NZ,12.160495425762884,True
9MJT_C727S,9MJT,C727S,False,False,A,575,Y575,59,TYR,-13.169,-3.109,19.617,-162.10860975812335,OH,18.339665509490622,True
9MJT_F730L,9MJT,F730L,False,False,A,528,L528,12,LEU,-7.768,-16.026,7.391,56.420942581427106,CD1,18.234636738909828,True
9MJT_F730L,9MJT,F730L,False,False,A,727,C727,211,CYS,-5.316,-0.098,7.541,175.74231490203854,SG,0.0,True
9MJT_F730L,9MJT,F730L,False,False,A,729,G729,213,GLY,-12.143,0.925,8.078,,CA,5.897888605255275,True
9MJT_F730L,9MJT,F730L,False,False,A,730,F730,214,LEU,-13.788,1.992,4.839,165.26521548911674,CD1,7.9894423459963715,True
9MJT_F730L,9MJT,F730L,False,False,A,852,I852,336,ILE,-9.355,0.985,-4.427,-64.82608745223402,CD1,11.398362777171114,True
9MJT_F730L,9MJT,F730L,False,False,A,573,T573,57,THR,-11.119,3.833,18.081,43.485718464790764,OG1,13.436412058284013,True
9MJT_F730L,9MJT,F730L,False,False,A,705,T705,189,THR,-4.011,9.096,10.453,37.60290381369635,OG1,10.736141019938216,True
9MJT_F730L,9MJT,F730L,False,False,A,707,S707,191,SER,-0.621,9.694,5.892,-164.86944035441599,OG,12.037554236637938,True
9MJT_F730L,9MJT,F730L,False,False,A,711,R711,195,ARG,3.899,6.563,8.857,179.63267670967545,CZ,11.523969107907224,True
9MJT_F730L,9MJT,F730L,False,False,A,846,E846,330,GLU,-7.447,-7.897,0.369,87.25288422557914,OE1,13.33038056471007,True
9MJT_F730L,9MJT,F730L,False,False,A,849,Y849,333,TYR,-9.415,-3.307,-0.757,168.02612357162,OH,6.324057795434828,True
9MJT_F730L,9MJT,F730L,False,False,A,851,E851,335,GLU,-5.95,-0.886,-4.417,77.19671358711842,OE1,14.715055181683825,True
9MJT_F730L,9MJT,F730L,False,False,A,917,F917,401,PHE,-13.133,-6.489,6.798,70.72879839533861,CZ,10.84668640645612,True
9MJT_F730L,9MJT,F730L,False,False,A,577,K577,61,LYS,-8.291,-1.626,17.407,179.8401665575894,NZ,12.160495425762884,True
9MJT_F730L,9MJT,F730L,False,False,A,575,Y575,59,TYR,-13.169,-3.109,19.617,-162.10860975812335,OH,18.339665509490622,True
9MJT_G729D,9MJT,G729D,False,False,A,528,L528,12,LEU,-7.768,-16.026,7.391,56.420942581427106,CD1,18.234636738909828,True
9MJT_G729D,9MJT,G729D,False,False,A,727,C727,211,CYS,-5.316,-0.098,7.541,175.74231490203854,SG,0.0,True
9MJT_G729D,9MJT,G729D,False,False,A,729,G729,213,ASP,-12.143,0.925,8.078,-69.97376553650595,OD1,3.812189659500168,True
9MJT_G729D,9MJT,G729D,False,False,A,730,F730,214,PHE,-13.788,1.992,4.839,165.26521548911674,CZ,10.080245284714058,True
9MJT_G729D,9MJT,G729D,False,False,A,852,I852,336,ILE,-9.355,0.985,-4.427,-64.82608745223402,CD1,11.398362777171114,True
9MJT_G729D,9MJT,G729D,False,False,A,573,T573,57,THR,-11.119,3.833,18.081,43.485718464790764,OG1,13.436412058284013,True
9MJT_G729D,9MJT,G729D,False,False,A,705,T705,189,THR,-4.011,9.096,10.453,37.60290381369635,OG1,10.736141019938216,True
9MJT_G729D,9MJT,G729D,False,False,A,707,S707,191,SER,-0.621,9.694,5.892,-164.86944035441599,OG,12.037554236637938,True
9MJT_G729D,9MJT,G729D,False,False,A,711,R711,195,ARG,3.899,6.563,8.857,179.63267670967545,CZ,11.523969107907224,True
9MJT_G729D,9MJT,G729D,False,False,A,846,E846,330,GLU,-7.447,-7.897,0.369,87.25288422557914,OE1,13.33038056471007,True
9MJT_G729D,9MJT,G729D,False,False,A,849,Y849,333,TYR,-9.415,-3.307,-0.757,168.02612357162,OH,6.324057795434828,True
9MJT_G729D,9MJT,G729D,False,False,A,851,E851,335,GLU,-5.95,-0.886,-4.417,77.19671358711842,OE1,14.715055181683825,True
9MJT_G729D,9MJT,G729D,False,False,A,917,F917,401,PHE,-13.133,-6.489,6.798,70.72879839533861,CZ,10.84668640645612,True
9MJT_G729D,9MJT,G729D,False,False,A,577,K577,61,LYS,-8.291,-1.626,17.407,179.8401665575894,NZ,12.160495425762884,True
9MJT_G729D,9MJT,G729D,False,False,A,575,Y575,59,TYR,-13.169,-3.109,19.617,-162.10860975812335,OH,18.339665509490622,True
9MJT_I852F,9MJT,I852F,False,False,A,528,L528,12,LEU,-7.768,-16.026,7.391,56.420942581427106,CD1,18.234636738909828,True
9MJT_I852F,9MJT,I852F,False,False,A,727,C727,211,CYS,-5.316,-0.098,7.541,175.74231490203854,SG,0.0,True
9MJT_I852F,9MJT,I852F,False,False,A,729,G729,213,GLY,-12.143,0.925,8.078,,CA,5.897888605255275,True
9MJT_I852F,9MJT,I852F,False,False,A,730,F730,214,PHE,-13.788,1.992,4.839,165.26521548911674,CZ,10.080245284714058,True
9MJT_I852F,9MJT,I852F,False,False,A,852,I852,336,PHE,-9.355,0.985,-4.427,-124.84345397236115,CZ,12.609066936137662,True
9MJT_I852F,9MJT,I852F,False,False,A,573,T573,57,THR,-11.119,3.833,18.081,43.485718464790764,OG1,13.436412058284013,True
9MJT_I852F,9MJT,I852F,False,False,A,705,T705,189,THR,-4.011,9.096,10.453,37.60290381369635,OG1,10.736141019938216,True
9MJT_I852F,9MJT,I852F,False,False,A,707,S707,191,SER,-0.621,9.694,5.892,-164.86944035441599,OG,12.037554236637938,True
9MJT_I852F,9MJT,I852F,False,False,A,711,R711,195,ARG,3.899,6.563,8.857,179.63267670967545,CZ,11.523969107907224,True
9MJT_I852F,9MJT,I852F,False,False,A,846,E846,330,GLU,-7.447,-7.897,0.369,87.25288422557914,OE1,13.33038056471007,True
9MJT_I852F,9MJT,I852F,False,False,A,849,Y849,333,TYR,-9.415,-3.307,-0.757,168.02612357162,OH,6.324057795434828,True
9MJT_I852F,9MJT,I852F,False,False,A,851,E851,335,GLU,-5.95,-0.886,-4.417,77.19671358711842,OE1,14.715055181683825,True
9MJT_I852F,9MJT,I852F,False,False,A,917,F917,401,PHE,-13.133,-6.489,6.798,70.72879839533861,CZ,10.84668640645612,True
9MJT_I852F,9MJT,I852F,False,False,A,577,K577,61,LYS,-8.291,-1.626,17.407,179.8401665575894,NZ,12.160495425762884,True
9MJT_I852F,9MJT,I852F,False,False,A,575,Y575,59,TYR,-13.169,-3.109,19.617,-162.10860975812335,OH,18.339665509490622,True
9MJT_L528S,9MJT,L528S,False,False,A,528,L528,12,SER,-7.768,-16.026,7.391,48.2333325125238,OG,18.04652911226976,True
9MJT_L528S,9MJT,L528S,False,False,A,727,C727,211,CYS,-5.316,-0.098,7.541,175.74231490203854,SG,0.0,True
9MJT_L528S,9MJT,L528S,False,False,A,729,G729,213,GLY,-12.143,0.925,8.078,,CA,5.897888605255275,True
9MJT_L528S,9MJT,L528S,False,False,A,730,F730,214,PHE,-13.788,1.992,4.839,165.26521548911674,CZ,10.080245284714058,True
9MJT_L528S,9MJT,L528S,False,False,A,852,I852,336,ILE,-9.355,0.985,-4.427,-64.82608745223402,CD1,11.398362777171114,True
9MJT_L528S,9MJT,L528S,False,False,A,573,T573,57,THR,-11.119,3.833,18.081,43.485718464790764,OG1,13.436412058284013,True
9MJT_L528S,9MJT,L528S,False,False,A,705,T705,189,THR,-4.011,9.096,10.453,37.60290381369635,OG1,10.736141019938216,True
9MJT_L528S,9MJT,L528S,False,False,A,707,S707,191,SER,-0.621,9.694,5.892,-164.86944035441599,OG,12.037554236637938,True
9MJT_L528S,9MJT,L528S,False,False,A,711,R711,195,ARG,3.899,6.563,8.857,179.63267670967545,CZ,11.523969107907224,True
9MJT_L528S,9MJT,L528S,False,False,A,846,E846,330,GLU,-7.447,-7.897,0.369,87.25288422557914,OE1,13.33038056471007,True
9MJT_L528S,9MJT,L528S,False,False,A,849,Y849,333,TYR,-9.415,-3.307,-0.757,168.02612357162,OH,6.324057795434828,True
9MJT_L528S,9MJT,L528S,False,False,A,851,E851,335,GLU,-5.95,-0.886,-4.417,77.19671358711842,OE1,14.715055181683825,True
9MJT_L528S,9MJT,L528S,False,False,A,917,F917,401,PHE,-13.133,-6.489,6.798,70.72879839533861,CZ,10.84668640645612,True
9MJT_L528S,9MJT,L528S,False,False,A,577,K577,61,LYS,-8.291,-1.626,17.407,179.8401665575894,NZ,12.160495425762884,True
9MJT_L528S,9MJT,L528S,False,False,A,575,Y575,59,TYR,-13.169,-3.109,19.617,-162.10860975812335,OH,18.339665509490622,True
9MJT_WT_prepared,9MJT,,True,False,A,528,L528,29,LEU,-7.768,-16.026,7.391,56.420942581427106,CD1,18.234636738909828,True
9MJT_WT_prepared,9MJT,,True,False,A,727,C727,228,CYS,-5.316,-0.098,7.541,175.74231490203854,SG,0.0,True
9MJT_WT_prepared,9MJT,,True,False,A,729,G729,230,GLY,-12.143,0.925,8.078,,CA,5.897888605255275,True
9MJT_WT_prepared,9MJT,,True,False,A,730,F730,231,PHE,-13.788,1.992,4.839,165.26521548911674,CZ,10.080245284714058,True
9MJT_WT_prepared,9MJT,,True,False,A,852,I852,353,ILE,-9.355,0.985,-4.427,-64.82608745223402,CD1,11.398362777171114,True
9MJT_WT_prepared,9MJT,,True,False,A,573,T573,74,THR,-11.119,3.833,18.081,43.485718464790764,OG1,13.436412058284013,True
9MJT_WT_prepared,9MJT,,True,False,A,705,T705,206,THR,-4.011,9.096,10.453,37.60290381369635,OG1,10.736141019938216,True
9MJT_WT_prepared,9MJT,,True,False,A,707,S707,208,SER,-0.621,9.694,5.892,-164.86944035441599,OG,12.037554236637938,True
9MJT_WT_prepared,9MJT,,True,False,A,711,R711,212,ARG,3.899,6.563,8.857,179.63267670967545,CZ,11.523969107907224,True
9MJT_WT_prepared,9MJT,,True,False,A,846,E846,347,GLU,-7.447,-7.897,0.369,87.25288422557914,OE1,13.33038056471007,True
9MJT_WT_prepared,9MJT,,True,False,A,849,Y849,350,TYR,-9.415,-3.307,-0.757,168.02612357162,OH,6.324057795434828,True
9MJT_WT_prepared,9MJT,,True,False,A,851,E851,352,GLU,-5.95,-0.886,-4.417,77.19671358711842,OE1,14.715055181683825,True
9MJT_WT_prepared,9MJT,,True,False,A,917,F917,418,PHE,-13.133,-6.489,6.798,70.72879839533861,CZ,10.84668640645612,True
9MJT_WT_prepared,9MJT,,True,False,A,577,K577,78,LYS,-8.291,-1.626,17.407,179.8401665575894,NZ,12.160495425762884,True
9MJT_WT_prepared,9MJT,,True,False,A,575,Y575,76,TYR,-13.169,-3.109,19.617,-162.10860975812335,OH,18.339665509490622,True
9S18_C727A,9S18,C727A,False,False,A,528,L528,7,LEU,27.526,-3.056,0.817,45.58053014098943,CD1,19.049368344633667,True
9S18_C727A,9S18,C727A,False,False,A,727,C727,206,ALA,31.323,3.452,15.26,,CB,4.253485574153422,True
9S18_C727A,9S18,C727A,False,False,A,729,G729,208,GLY,37.111,-0.91,15.652,,CA,9.83197456793554,True
9S18_C727A,9S18,C727A,False,False,A,730,F730,209,PHE,36.297,-1.301,19.364,60.23249028733203,CZ,9.494263477465287,True
9S18_C727A,9S18,C727A,False,False,A,852,I852,331,ILE,22.761,-4.866,19.657,-68.4561727175396,CD1,9.075054892645621,True
9S18_C727A,9S18,C727A,False,False,A,573,T573,52,THR,43.127,2.864,15.321,45.43361460773555,OG1,16.909858212135646,True
9S18_C727A,9S18,C727A,False,False,A,705,T705,184,THR,37.069,7.68,21.327,-58.21593743039113,OG1,13.581534264564194,True
9S18_C727A,9S18,C727A,False,False,A,707,S707,186,SER,32.675,8.249,24.453,-166.7465764398893,OG,13.557097269678758,True
9S18_C727A,9S18,C727A,False,False,A,711,R711,190,ARG,30.455,12.701,20.256,178.82986065848348,CZ,9.409692068794346,True
9S18_C727A,9S18,C727A,False,False,A,846,E846,325,GLU,23.487,-6.281,9.57,162.97393533927846,OE1,11.151219973820409,True
9S18_C727A,9S18,C727A,False,False,A,849,Y849,328,TYR,24.361,-5.88,14.531,-167.0557429183651,OH,5.920849694472176,True
9S18_C727A,9S18,C727A,False,False,A,851,E851,330,GLU,20.571,-2.945,17.134,68.5255964374868,OE1,11.993107824060084,True
9S18_C727A,9S18,C727A,False,False,A,917,F917,396,PHE,31.695,-6.705,10.879,46.96033909255891,CZ,11.479667472515537,True
9S18_C727A,9S18,C727A,False,False,A,577,K577,56,LYS,39.975,6.47,8.842,89.97687822569401,NZ,15.340178269972332,True
9S18_C727A,9S18,C727A,False,False,A,575,Y575,54,TYR,40.254,0.389,10.763,167.9091323049812,OH,12.04285746322405,True
9S18_C727R,9S18,C727R,False,False,A,528,L528,7,LEU,27.526,-3.056,0.817,45.58053014098943,CD1,19.049368344633667,True
9S18_C727R,9S18,C727R,False,False,A,727,C727,206,ARG,31.323,3.452,15.26,-72.28648833030904,CZ,3.0506379463206152,True
9S18_C727R,9S18,C727R,False,False,A,729,G729,208,GLY,37.111,-0.91,15.652,,CA,9.83197456793554,True
9S18_C727R,9S18,C727R,False,False,A,730,F730,209,PHE,36.297,-1.301,19.364,60.23249028733203,CZ,9.494263477465287,True
9S18_C727R,9S18,C727R,False,False,A,852,I852,331,ILE,22.761,-4.866,19.657,-68.4561727175396,CD1,9.075054892645621,True
9S18_C727R,9S18,C727R,False,False,A,573,T573,52,THR,43.127,2.864,15.321,45.43361460773555,OG1,16.909858212135646,True
9S18_C727R,9S18,C727R,False,False,A,705,T705,184,THR,37.069,7.68,21.327,-58.21593743039113,OG1,13.581534264564194,True
9S18_C727R,9S18,C727R,False,False,A,707,S707,186,SER,32.675,8.249,24.453,-166.7465764398893,OG,13.557097269678758,True
9S18_C727R,9S18,C727R,False,False,A,711,R711,190,ARG,30.455,12.701,20.256,178.82986065848348,CZ,9.409692068794346,True
9S18_C727R,9S18,C727R,False,False,A,846,E846,325,GLU,23.487,-6.281,9.57,162.97393533927846,OE1,11.151219973820409,True
9S18_C727R,9S18,C727R,False,False,A,849,Y849,328,TYR,24.361,-5.88,14.531,-167.0557429183651,OH,5.920849694472176,True
9S18_C727R,9S18,C727R,False,False,A,851,E851,330,GLU,20.571,-2.945,17.134,68.5255964374868,OE1,11.993107824060084,True
9S18_C727R,9S18,C727R,False,False,A,917,F917,396,PHE,31.695,-6.705,10.879,46.96033909255891,CZ,11.479667472515537,True
9S18_C727R,9S18,C727R,False,False,A,577,K577,56,LYS,39.975,6.47,8.842,89.97687822569401,NZ,15.340178269972332,True
9S18_C727R,9S18,C727R,False,False,A,575,Y575,54,TYR,40.254,0.389,10.763,167.9091323049812,OH,12.04285746322405,True
9S18_C727S,9S18,C727S,False,False,A,528,L528,7,LEU,27.526,-3.056,0.817,45.58053014098943,CD1,19.049368344633667,True
9S18_C727S,9S18,C727S,False,False,A,727,C727,206,SER,31.323,3.452,15.26,47.37397907797666,OG,4.507006565286018,True
9S18_C727S,9S18,C727S,False,False,A,729,G729,208,GLY,37.111,-0.91,15.652,,CA,9.83197456793554,True
9S18_C727S,9S18,C727S,False,False,A,730,F730,209,PHE,36.297,-1.301,19.364,60.23249028733203,CZ,9.494263477465287,True
9S18_C727S,9S18,C727S,False,False,A,852,I852,331,ILE,22.761,-4.866,19.657,-68.4561727175396,CD1,9.075054892645621,True
9S18_C727S,9S18,C727S,False,False,A,573,T573,52,THR,43.127,2.864,15.321,45.43361460773555,OG1,16.909858212135646,True
9S18_C727S,9S18,C727S,False,False,A,705,T705,184,THR,37.069,7.68,21.327,-58.21593743039113,OG1,13.581534264564194,True
9S18_C727S,9S18,C727S,False,False,A,707,S707,186,SER,32.675,8.249,24.453,-166.7465764398893,OG,13.557097269678758,True
9S18_C727S,9S18,C727S,False,False,A,711,R711,190,ARG,30.455,12.701,20.256,178.82986065848348,CZ,9.409692068794346,True
9S18_C727S,9S18,C727S,False,False,A,846,E846,325,GLU,23.487,-6.281,9.57,162.97393533927846,OE1,11.151219973820409,True
9S18_C727S,9S18,C727S,False,False,A,849,Y849,328,TYR,24.361,-5.88,14.531,-167.0557429183651,OH,5.920849694472176,True
9S18_C727S,9S18,C727S,False,False,A,851,E851,330,GLU,20.571,-2.945,17.134,68.5255964374868,OE1,11.993107824060084,True
9S18_C727S,9S18,C727S,False,False,A,917,F917,396,PHE,31.695,-6.705,10.879,46.96033909255891,CZ,11.479667472515537,True
9S18_C727S,9S18,C727S,False,False,A,577,K577,56,LYS,39.975,6.47,8.842,89.97687822569401,NZ,15.340178269972332,True
9S18_C727S,9S18,C727S,False,False,A,575,Y575,54,TYR,40.254,0.389,10.763,167.9091323049812,OH,12.04285746322405,True
9S18_F730L,9S18,F730L,False,False,A,528,L528,7,LEU,27.526,-3.056,0.817,45.58053014098943,CD1,19.049368344633667,True
9S18_F730L,9S18,F730L,False,False,A,727,C727,206,CYS,31.323,3.452,15.26,173.92645027715545,SG,4.833415948325912,True
9S18_F730L,9S18,F730L,False,False,A,729,G729,208,GLY,37.111,-0.91,15.652,,CA,9.83197456793554,True
9S18_F730L,9S18,F730L,False,False,A,730,F730,209,LEU,36.297,-1.301,19.364,60.23249028733203,CD1,9.541171064367902,True
9S18_F730L,9S18,F730L,False,False,A,852,I852,331,ILE,22.761,-4.866,19.657,-68.4561727175396,CD1,9.075054892645621,True
9S18_F730L,9S18,F730L,False,False,A,573,T573,52,THR,43.127,2.864,15.321,45.43361460773555,OG1,16.909858212135646,True
9S18_F730L,9S18,F730L,False,False,A,705,T705,184,THR,37.069,7.68,21.327,-58.21593743039113,OG1,13.581534264564194,True
9S18_F730L,9S18,F730L,False,False,A,707,S707,186,SER,32.675,8.249,24.453,-166.7465764398893,OG,13.557097269678758,True
9S18_F730L,9S18,F730L,False,False,A,711,R711,190,ARG,30.455,12.701,20.256,178.82986065848348,CZ,9.409692068794346,True
9S18_F730L,9S18,F730L,False,False,A,846,E846,325,GLU,23.487,-6.281,9.57,162.97393533927846,OE1,11.151219973820409,True
9S18_F730L,9S18,F730L,False,False,A,849,Y849,328,TYR,24.361,-5.88,14.531,-167.0557429183651,OH,5.920849694472176,True
9S18_F730L,9S18,F730L,False,False,A,851,E851,330,GLU,20.571,-2.945,17.134,68.5255964374868,OE1,11.993107824060084,True
9S18_F730L,9S18,F730L,False,False,A,917,F917,396,PHE,31.695,-6.705,10.879,46.96033909255891,CZ,11.479667472515537,True
9S18_F730L,9S18,F730L,False,False,A,577,K577,56,LYS,39.975,6.47,8.842,89.97687822569401,NZ,15.340178269972332,True
9S18_F730L,9S18,F730L,False,False,A,575,Y575,54,TYR,40.254,0.389,10.763,167.9091323049812,OH,12.04285746322405,True
9S18_G729D,9S18,G729D,False,False,A,528,L528,7,LEU,27.526,-3.056,0.817,45.58053014098943,CD1,19.049368344633667,True
9S18_G729D,9S18,G729D,False,False,A,727,C727,206,CYS,31.323,3.452,15.26,173.92645027715545,SG,4.833415948325912,True
9S18_G729D,9S18,G729D,False,False,A,729,G729,208,ASP,37.111,-0.91,15.652,-55.963592203501435,OD1,9.958671410109448,True
9S18_G729D,9S18,G729D,False,False,A,730,F730,209,PHE,36.297,-1.301,19.364,60.23249028733203,CZ,9.494263477465287,True
9S18_G729D,9S18,G729D,False,False,A,852,I852,331,ILE,22.761,-4.866,19.657,-68.4561727175396,CD1,9.075054892645621,True
9S18_G729D,9S18,G729D,False,False,A,573,T573,52,THR,43.127,2.864,15.321,45.43361460773555,OG1,16.909858212135646,True
9S18_G729D,9S18,G729D,False,False,A,705,T705,184,THR,37.069,7.68,21.327,-58.21593743039113,OG1,13.581534264564194,True
9S18_G729D,9S18,G729D,False,False,A,707,S707,186,SER,32.675,8.249,24.453,-166.7465764398893,OG,13.557097269678758,True
9S18_G729D,9S18,G729D,False,False,A,711,R711,190,ARG,30.455,12.701,20.256,178.82986065848348,CZ,9.409692068794346,True
9S18_G729D,9S18,G729D,False,False,A,846,E846,325,GLU,23.487,-6.281,9.57,162.97393533927846,OE1,11.151219973820409,True
9S18_G729D,9S18,G729D,False,False,A,849,Y849,328,TYR,24.361,-5.88,14.531,-167.0557429183651,OH,5.920849694472176,True
9S18_G729D,9S18,G729D,False,False,A,851,E851,330,GLU,20.571,-2.945,17.134,68.5255964374868,OE1,11.993107824060084,True
9S18_G729D,9S18,G729D,False,False,A,917,F917,396,PHE,31.695,-6.705,10.879,46.96033909255891,CZ,11.479667472515537,True
9S18_G729D,9S18,G729D,False,False,A,577,K577,56,LYS,39.975,6.47,8.842,89.97687822569401,NZ,15.340178269972332,True
9S18_G729D,9S18,G729D,False,False,A,575,Y575,54,TYR,40.254,0.389,10.763,167.9091323049812,OH,12.04285746322405,True
9S18_I852F,9S18,I852F,False,False,A,528,L528,7,LEU,27.526,-3.056,0.817,45.58053014098943,CD1,19.049368344633667,True
9S18_I852F,9S18,I852F,False,False,A,727,C727,206,CYS,31.323,3.452,15.26,173.92645027715545,SG,4.833415948325912,True
9S18_I852F,9S18,I852F,False,False,A,729,G729,208,GLY,37.111,-0.91,15.652,,CA,9.83197456793554,True
9S18_I852F,9S18,I852F,False,False,A,730,F730,209,PHE,36.297,-1.301,19.364,60.23249028733203,CZ,9.494263477465287,True
9S18_I852F,9S18,I852F,False,False,A,852,I852,331,PHE,22.761,-4.866,19.657,-80.20286466231072,CZ,10.960594651045684,True
9S18_I852F,9S18,I852F,False,False,A,573,T573,52,THR,43.127,2.864,15.321,45.43361460773555,OG1,16.909858212135646,True
9S18_I852F,9S18,I852F,False,False,A,705,T705,184,THR,37.069,7.68,21.327,-58.21593743039113,OG1,13.581534264564194,True
9S18_I852F,9S18,I852F,False,False,A,707,S707,186,SER,32.675,8.249,24.453,-166.7465764398893,OG,13.557097269678758,True
9S18_I852F,9S18,I852F,False,False,A,711,R711,190,ARG,30.455,12.701,20.256,178.82986065848348,CZ,9.409692068794346,True
9S18_I852F,9S18,I852F,False,False,A,846,E846,325,GLU,23.487,-6.281,9.57,162.97393533927846,OE1,11.151219973820409,True
9S18_I852F,9S18,I852F,False,False,A,849,Y849,328,TYR,24.361,-5.88,14.531,-167.0557429183651,OH,5.920849694472176,True
9S18_I852F,9S18,I852F,False,False,A,851,E851,330,GLU,20.571,-2.945,17.134,68.5255964374868,OE1,11.993107824060084,True
9S18_I852F,9S18,I852F,False,False,A,917,F917,396,PHE,31.695,-6.705,10.879,46.96033909255891,CZ,11.479667472515537,True
9S18_I852F,9S18,I852F,False,False,A,577,K577,56,LYS,39.975,6.47,8.842,89.97687822569401,NZ,15.340178269972332,True
9S18_I852F,9S18,I852F,False,False,A,575,Y575,54,TYR,40.254,0.389,10.763,167.9091323049812,OH,12.04285746322405,True
9S18_L528S,9S18,L528S,False,False,A,528,L528,7,SER,27.526,-3.056,0.817,39.323198765110526,OG,18.13879878959826,True
9S18_L528S,9S18,L528S,False,False,A,727,C727,206,CYS,31.323,3.452,15.26,173.92645027715545,SG,4.833415948325912,True
9S18_L528S,9S18,L528S,False,False,A,729,G729,208,GLY,37.111,-0.91,15.652,,CA,9.83197456793554,True
9S18_L528S,9S18,L528S,False,False,A,730,F730,209,PHE,36.297,-1.301,19.364,60.23249028733203,CZ,9.494263477465287,True
9S18_L528S,9S18,L528S,False,False,A,852,I852,331,ILE,22.761,-4.866,19.657,-68.4561727175396,CD1,9.075054892645621,True
9S18_L528S,9S18,L528S,False,False,A,573,T573,52,THR,43.127,2.864,15.321,45.43361460773555,OG1,16.909858212135646,True
9S18_L528S,9S18,L528S,False,False,A,705,T705,184,THR,37.069,7.68,21.327,-58.21593743039113,OG1,13.581534264564194,True
9S18_L528S,9S18,L528S,False,False,A,707,S707,186,SER,32.675,8.249,24.453,-166.7465764398893,OG,13.557097269678758,True
9S18_L528S,9S18,L528S,False,False,A,711,R711,190,ARG,30.455,12.701,20.256,178.82986065848348,CZ,9.409692068794346,True
9S18_L528S,9S18,L528S,False,False,A,846,E846,325,GLU,23.487,-6.281,9.57,162.97393533927846,OE1,11.151219973820409,True
9S18_L528S,9S18,L528S,False,False,A,849,Y849,328,TYR,24.361,-5.88,14.531,-167.0557429183651,OH,5.920849694472176,True
9S18_L528S,9S18,L528S,False,False,A,851,E851,330,GLU,20.571,-2.945,17.134,68.5255964374868,OE1,11.993107824060084,True
9S18_L528S,9S18,L528S,False,False,A,917,F917,396,PHE,31.695,-6.705,10.879,46.96033909255891,CZ,11.479667472515537,True
9S18_L528S,9S18,L528S,False,False,A,577,K577,56,LYS,39.975,6.47,8.842,89.97687822569401,NZ,15.340178269972332,True
9S18_L528S,9S18,L528S,False,False,A,575,Y575,54,TYR,40.254,0.389,10.763,167.9091323049812,OH,12.04285746322405,True
9S18_WT_prepared,9S18,,True,False,A,528,L528,28,LEU,27.526,-3.056,0.817,45.58053014098943,CD1,19.049368344633667,True
9S18_WT_prepared,9S18,,True,False,A,727,C727,227,CYS,31.323,3.452,15.26,173.92645027715545,SG,4.833415948325912,True
9S18_WT_prepared,9S18,,True,False,A,729,G729,229,GLY,37.111,-0.91,15.652,,CA,9.83197456793554,True
9S18_WT_prepared,9S18,,True,False,A,730,F730,230,PHE,36.297,-1.301,19.364,60.23249028733203,CZ,9.494263477465287,True
9S18_WT_prepared,9S18,,True,False,A,852,I852,352,ILE,22.761,-4.866,19.657,-68.4561727175396,CD1,9.075054892645621,True
9S18_WT_prepared,9S18,,True,False,A,573,T573,73,THR,43.127,2.864,15.321,45.43361460773555,OG1,16.909858212135646,True
9S18_WT_prepared,9S18,,True,False,A,705,T705,205,THR,37.069,7.68,21.327,-58.21593743039113,OG1,13.581534264564194,True
9S18_WT_prepared,9S18,,True,False,A,707,S707,207,SER,32.675,8.249,24.453,-166.7465764398893,OG,13.557097269678758,True
9S18_WT_prepared,9S18,,True,False,A,711,R711,211,ARG,30.455,12.701,20.256,178.82986065848348,CZ,9.409692068794346,True
9S18_WT_prepared,9S18,,True,False,A,846,E846,346,GLU,23.487,-6.281,9.57,162.97393533927846,OE1,11.151219973820409,True
9S18_WT_prepared,9S18,,True,False,A,849,Y849,349,TYR,24.361,-5.88,14.531,-167.0557429183651,OH,5.920849694472176,True
9S18_WT_prepared,9S18,,True,False,A,851,E851,351,GLU,20.571,-2.945,17.134,68.5255964374868,OE1,11.993107824060084,True
9S18_WT_prepared,9S18,,True,False,A,917,F917,417,PHE,31.695,-6.705,10.879,46.96033909255891,CZ,11.479667472515537,True
9S18_WT_prepared,9S18,,True,False,A,577,K577,77,LYS,39.975,6.47,8.842,89.97687822569401,NZ,15.340178269972332,True
9S18_WT_prepared,9S18,,True,False,A,575,Y575,75,TYR,40.254,0.389,10.763,167.9091323049812,OH,12.04285746322405,True
9S19_C727A,9S19,C727A,False,False,C,528,L528,4,LEU,-5.21,71.858,60.98,69.97547634806634,CD1,21.276722139465004,True
9S19_C727A,9S19,C727A,False,False,C,727,C727,203,ALA,-8.535,56.792,54.171,,CB,16.951717228646782,True
9S19_C727A,9S19,C727A,False,False,C,729,G729,205,GLY,-13.061,58.253,49.317,,CA,15.06160877861326,True
9S19_C727A,9S19,C727A,False,False,C,730,F730,206,PHE,-13.566,54.539,48.569,97.39214497062927,CZ,17.618329489483386,True
9S19_C727A,9S19,C727A,False,False,C,852,I852,328,ILE,-11.876,48.64,37.747,-62.18153921943563,CD1,19.17695841367968,True
9S19_C727A,9S19,C727A,False,False,C,573,T573,49,THR,-6.108,54.954,42.442,67.40200887213952,OG1,10.403499122891295,True
9S19_C727A,9S19,C727A,False,False,C,705,T705,181,THR,-7.631,48.533,48.366,-48.33344782596736,OG1,16.625764463626926,True
9S19_C727A,9S19,C727A,False,False,C,707,S707,183,SER,-10.296,46.452,54.007,-38.225208869372395,OG,23.0272567840809,True
9S19_C727A,9S19,C727A,False,False,C,711,R711,187,ARG,-5.004,46.92,57.055,71.34207977154014,CZ,21.082935374373275,True
9S19_C727A,9S19,C727A,False,False,C,846,E846,322,GLU,-10.882,43.341,46.408,57.733781121850164,OE1,23.85515105800003,True
9S19_C727A,9S19,C727A,False,False,C,849,Y849,325,TYR,-12.096,46.859,42.866,-178.5142762060812,OH,14.96113625364063,True
9S19_C727A,9S19,C727A,False,False,C,851,E851,327,GLU,-8.978,46.206,38.346,76.62714706087755,OE1,21.765231586178906,True
9S19_C727A,9S19,C727A,False,False,C,917,F917,393,PHE,-14.851,48.381,52.408,72.26751519224548,CZ,20.00583479887805,True
9S19_C727A,9S19,C727A,False,False,C,577,K577,53,LYS,0.105,57.927,46.61,76.2298435387932,NZ,8.102159588652894,True
9S19_C727A,9S19,C727A,False,False,C,575,Y575,51,TYR,-5.241,60.234,44.224,177.03305899105624,OH,10.116689824245876,True
9S19_C727R,9S19,C727R,False,False,C,528,L528,4,LEU,-5.21,71.858,60.98,69.97547634806634,CD1,21.276722139465004,True
9S19_C727R,9S19,C727R,False,False,C,727,C727,203,ARG,-8.535,56.792,54.171,34.59170497558424,CZ,21.534682955641586,True
9S19_C727R,9S19,C727R,False,False,C,729,G729,205,GLY,-13.061,58.253,49.317,,CA,15.06160877861326,True
9S19_C727R,9S19,C727R,False,False,C,730,F730,206,PHE,-13.566,54.539,48.569,97.39214497062927,CZ,17.618329489483386,True
9S19_C727R,9S19,C727R,False,False,C,852,I852,328,ILE,-11.876,48.64,37.747,-62.18153921943563,CD1,19.17695841367968,True
9S19_C727R,9S19,C727R,False,False,C,573,T573,49,THR,-6.108,54.954,42.442,67.40200887213952,OG1,10.403499122891295,True
9S19_C727R,9S19,C727R,False,False,C,705,T705,181,THR,-7.631,48.533,48.366,-48.33344782596736,OG1,16.625764463626926,True
9S19_C727R,9S19,C727R,False,False,C,707,S707,183,SER,-10.296,46.452,54.007,-38.225208869372395,OG,23.0272567840809,True
9S19_C727R,9S19,C727R,False,False,C,711,R711,187,ARG,-5.004,46.92,57.055,71.34207977154014,CZ,21.082935374373275,True
9S19_C727R,9S19,C727R,False,False,C,846,E846,322,GLU,-10.882,43.341,46.408,57.733781121850164,OE1,23.85515105800003,True
9S19_C727R,9S19,C727R,False,False,C,849,Y849,325,TYR,-12.096,46.859,42.866,-178.5142762060812,OH,14.96113625364063,True
9S19_C727R,9S19,C727R,False,False,C,851,E851,327,GLU,-8.978,46.206,38.346,76.62714706087755,OE1,21.765231586178906,True
9S19_C727R,9S19,C727R,False,False,C,917,F917,393,PHE,-14.851,48.381,52.408,72.26751519224548,CZ,20.00583479887805,True
9S19_C727R,9S19,C727R,False,False,C,577,K577,53,LYS,0.105,57.927,46.61,76.2298435387932,NZ,8.102159588652894,True
9S19_C727R,9S19,C727R,False,False,C,575,Y575,51,TYR,-5.241,60.234,44.224,177.03305899105624,OH,10.116689824245876,True
9S19_C727S,9S19,C727S,False,False,C,528,L528,4,LEU,-5.21,71.858,60.98,69.97547634806634,CD1,21.276722139465004,True
9S19_C727S,9S19,C727S,False,False,C,727,C727,203,SER,-8.535,56.792,54.171,154.0087510428609,OG,16.71753384922549,True
9S19_C727S,9S19,C727S,False,False,C,729,G729,205,GLY,-13.061,58.253,49.317,,CA,15.06160877861326,True
9S19_C727S,9S19,C727S,False,False,C,730,F730,206,PHE,-13.566,54.539,48.569,97.39214497062927,CZ,17.618329489483386,True
9S19_C727S,9S19,C727S,False,False,C,852,I852,328,ILE,-11.876,48.64,37.747,-62.18153921943563,CD1,19.17695841367968,True
9S19_C727S,9S19,C727S,False,False,C,573,T573,49,THR,-6.108,54.954,42.442,67.40200887213952,OG1,10.403499122891295,True
9S19_C727S,9S19,C727S,False,False,C,705,T705,181,THR,-7.631,48.533,48.366,-48.33344782596736,OG1,16.625764463626926,True
9S19_C727S,9S19,C727S,False,False,C,707,S707,183,SER,-10.296,46.452,54.007,-38.225208869372395,OG,23.0272567840809,True
9S19_C727S,9S19,C727S,False,False,C,711,R711,187,ARG,-5.004,46.92,57.055,71.34207977154014,CZ,21.082935374373275,True
9S19_C727S,9S19,C727S,False,False,C,846,E846,322,GLU,-10.882,43.341,46.408,57.733781121850164,OE1,23.85515105800003,True
9S19_C727S,9S19,C727S,False,False,C,849,Y849,325,TYR,-12.096,46.859,42.866,-178.5142762060812,OH,14.96113625364063,True
9S19_C727S,9S19,C727S,False,False,C,851,E851,327,GLU,-8.978,46.206,38.346,76.62714706087755,OE1,21.765231586178906,True
9S19_C727S,9S19,C727S,False,False,C,917,F917,393,PHE,-14.851,48.381,52.408,72.26751519224548,CZ,20.00583479887805,True
9S19_C727S,9S19,C727S,False,False,C,577,K577,53,LYS,0.105,57.927,46.61,76.2298435387932,NZ,8.102159588652894,True
9S19_C727S,9S19,C727S,False,False,C,575,Y575,51,TYR,-5.241,60.234,44.224,177.03305899105624,OH,10.116689824245876,True
9S19_F730L,9S19,F730L,False,False,C,528,L528,4,LEU,-5.21,71.858,60.98,69.97547634806634,CD1,21.276722139465004,True
9S19_F730L,9S19,F730L,False,False,C,727,C727,203,CYS,-8.535,56.792,54.171,165.98389270192288,SG,16.81127127852026,True
9S19_F730L,9S19,F730L,False,False,C,729,G729,205,GLY,-13.061,58.253,49.317,,CA,15.06160877861326,True
9S19_F730L,9S19,F730L,False,False,C,730,F730,206,LEU,-13.566,54.539,48.569,97.39214497062927,CD1,16.93566446880665,True
9S19_F730L,9S19,F730L,False,False,C,852,I852,328,ILE,-11.876,48.64,37.747,-62.18153921943563,CD1,19.17695841367968,True
9S19_F730L,9S19,F730L,False,False,C,573,T573,49,THR,-6.108,54.954,42.442,67.40200887213952,OG1,10.403499122891295,True
9S19_F730L,9S19,F730L,False,False,C,705,T705,181,THR,-7.631,48.533,48.366,-48.33344782596736,OG1,16.625764463626926,True
9S19_F730L,9S19,F730L,False,False,C,707,S707,183,SER,-10.296,46.452,54.007,-38.225208869372395,OG,23.0272567840809,True
9S19_F730L,9S19,F730L,False,False,C,711,R711,187,ARG,-5.004,46.92,57.055,71.34207977154014,CZ,21.082935374373275,True
9S19_F730L,9S19,F730L,False,False,C,846,E846,322,GLU,-10.882,43.341,46.408,57.733781121850164,OE1,23.85515105800003,True
9S19_F730L,9S19,F730L,False,False,C,849,Y849,325,TYR,-12.096,46.859,42.866,-178.5142762060812,OH,14.96113625364063,True
9S19_F730L,9S19,F730L,False,False,C,851,E851,327,GLU,-8.978,46.206,38.346,76.62714706087755,OE1,21.765231586178906,True
9S19_F730L,9S19,F730L,False,False,C,917,F917,393,PHE,-14.851,48.381,52.408,72.26751519224548,CZ,20.00583479887805,True
9S19_F730L,9S19,F730L,False,False,C,577,K577,53,LYS,0.105,57.927,46.61,76.2298435387932,NZ,8.102159588652894,True
9S19_F730L,9S19,F730L,False,False,C,575,Y575,51,TYR,-5.241,60.234,44.224,177.03305899105624,OH,10.116689824245876,True
9S19_G729D,9S19,G729D,False,False,C,528,L528,4,LEU,-5.21,71.858,60.98,69.97547634806634,CD1,21.276722139465004,True
9S19_G729D,9S19,G729D,False,False,C,727,C727,203,CYS,-8.535,56.792,54.171,165.98389270192288,SG,16.81127127852026,True
9S19_G729D,9S19,G729D,False,False,C,729,G729,205,ASP,-13.061,58.253,49.317,28.524985980610634,OD1,15.14353677315838,True
9S19_G729D,9S19,G729D,False,False,C,730,F730,206,PHE,-13.566,54.539,48.569,97.39214497062927,CZ,17.618329489483386,True
9S19_G729D,9S19,G729D,False,False,C,852,I852,328,ILE,-11.876,48.64,37.747,-62.18153921943563,CD1,19.17695841367968,True
9S19_G729D,9S19,G729D,False,False,C,573,T573,49,THR,-6.108,54.954,42.442,67.40200887213952,OG1,10.403499122891295,True
9S19_G729D,9S19,G729D,False,False,C,705,T705,181,THR,-7.631,48.533,48.366,-48.33344782596736,OG1,16.625764463626926,True
9S19_G729D,9S19,G729D,False,False,C,707,S707,183,SER,-10.296,46.452,54.007,-38.225208869372395,OG,23.0272567840809,True
9S19_G729D,9S19,G729D,False,False,C,711,R711,187,ARG,-5.004,46.92,57.055,71.34207977154014,CZ,21.082935374373275,True
9S19_G729D,9S19,G729D,False,False,C,846,E846,322,GLU,-10.882,43.341,46.408,57.733781121850164,OE1,23.85515105800003,True
9S19_G729D,9S19,G729D,False,False,C,849,Y849,325,TYR,-12.096,46.859,42.866,-178.5142762060812,OH,14.96113625364063,True
9S19_G729D,9S19,G729D,False,False,C,851,E851,327,GLU,-8.978,46.206,38.346,76.62714706087755,OE1,21.765231586178906,True
9S19_G729D,9S19,G729D,False,False,C,917,F917,393,PHE,-14.851,48.381,52.408,72.26751519224548,CZ,20.00583479887805,True
9S19_G729D,9S19,G729D,False,False,C,577,K577,53,LYS,0.105,57.927,46.61,76.2298435387932,NZ,8.102159588652894,True
9S19_G729D,9S19,G729D,False,False,C,575,Y575,51,TYR,-5.241,60.234,44.224,177.03305899105624,OH,10.116689824245876,True
9S19_I852F,9S19,I852F,False,False,C,528,L528,4,LEU,-5.21,71.858,60.98,69.97547634806634,CD1,21.276722139465004,True
9S19_I852F,9S19,I852F,False,False,C,727,C727,203,CYS,-8.535,56.792,54.171,165.98389270192288,SG,16.81127127852026,True
9S19_I852F,9S19,I852F,False,False,C,729,G729,205,GLY,-13.061,58.253,49.317,,CA,15.06160877861326,True
9S19_I852F,9S19,I852F,False,False,C,730,F730,206,PHE,-13.566,54.539,48.569,97.39214497062927,CZ,17.618329489483386,True
9S19_I852F,9S19,I852F,False,False,C,852,I852,328,PHE,-11.876,48.64,37.747,-76.76584914357832,CZ,17.93269960156585,True
9S19_I852F,9S19,I852F,False,False,C,573,T573,49,THR,-6.108,54.954,42.442,67.40200887213952,OG1,10.403499122891295,True
9S19_I852F,9S19,I852F,False,False,C,705,T705,181,THR,-7.631,48.533,48.366,-48.33344782596736,OG1,16.625764463626926,True
9S19_I852F,9S19,I852F,False,False,C,707,S707,183,SER,-10.296,46.452,54.007,-38.225208869372395,OG,23.0272567840809,True
9S19_I852F,9S19,I852F,False,False,C,711,R711,187,ARG,-5.004,46.92,57.055,71.34207977154014,CZ,21.082935374373275,True
9S19_I852F,9S19,I852F,False,False,C,846,E846,322,GLU,-10.882,43.341,46.408,57.733781121850164,OE1,23.85515105800003,True
9S19_I852F,9S19,I852F,False,False,C,849,Y849,325,TYR,-12.096,46.859,42.866,-178.5142762060812,OH,14.96113625364063,True
9S19_I852F,9S19,I852F,False,False,C,851,E851,327,GLU,-8.978,46.206,38.346,76.62714706087755,OE1,21.765231586178906,True
9S19_I852F,9S19,I852F,False,False,C,917,F917,393,PHE,-14.851,48.381,52.408,72.26751519224548,CZ,20.00583479887805,True
9S19_I852F,9S19,I852F,False,False,C,577,K577,53,LYS,0.105,57.927,46.61,76.2298435387932,NZ,8.102159588652894,True
9S19_I852F,9S19,I852F,False,False,C,575,Y575,51,TYR,-5.241,60.234,44.224,177.03305899105624,OH,10.116689824245876,True
9S19_L528S,9S19,L528S,False,False,C,528,L528,4,SER,-5.21,71.858,60.98,-64.47372208984767,OG,23.28022710370327,True
9S19_L528S,9S19,L528S,False,False,C,727,C727,203,CYS,-8.535,56.792,54.171,165.98389270192288,SG,16.81127127852026,True
9S19_L528S,9S19,L528S,False,False,C,729,G729,205,GLY,-13.061,58.253,49.317,,CA,15.06160877861326,True
9S19_L528S,9S19,L528S,False,False,C,730,F730,206,PHE,-13.566,54.539,48.569,97.39214497062927,CZ,17.618329489483386,True
9S19_L528S,9S19,L528S,False,False,C,852,I852,328,ILE,-11.876,48.64,37.747,-62.18153921943563,CD1,19.17695841367968,True
9S19_L528S,9S19,L528S,False,False,C,573,T573,49,THR,-6.108,54.954,42.442,67.40200887213952,OG1,10.403499122891295,True
9S19_L528S,9S19,L528S,False,False,C,705,T705,181,THR,-7.631,48.533,48.366,-48.33344782596736,OG1,16.625764463626926,True
9S19_L528S,9S19,L528S,False,False,C,707,S707,183,SER,-10.296,46.452,54.007,-38.225208869372395,OG,23.0272567840809,True
9S19_L528S,9S19,L528S,False,False,C,711,R711,187,ARG,-5.004,46.92,57.055,71.34207977154014,CZ,21.082935374373275,True
9S19_L528S,9S19,L528S,False,False,C,846,E846,322,GLU,-10.882,43.341,46.408,57.733781121850164,OE1,23.85515105800003,True
9S19_L528S,9S19,L528S,False,False,C,849,Y849,325,TYR,-12.096,46.859,42.866,-178.5142762060812,OH,14.96113625364063,True
9S19_L528S,9S19,L528S,False,False,C,851,E851,327,GLU,-8.978,46.206,38.346,76.62714706087755,OE1,21.765231586178906,True
9S19_L528S,9S19,L528S,False,False,C,917,F917,393,PHE,-14.851,48.381,52.408,72.26751519224548,CZ,20.00583479887805,True
9S19_L528S,9S19,L528S,False,False,C,577,K577,53,LYS,0.105,57.927,46.61,76.2298435387932,NZ,8.102159588652894,True
9S19_L528S,9S19,L528S,False,False,C,575,Y575,51,TYR,-5.241,60.234,44.224,177.03305899105624,OH,10.116689824245876,True
9S19_WT_prepared,9S19,,True,False,C,528,L528,14,LEU,-5.21,71.858,60.98,69.97547634806634,CD1,21.276722139465004,True
9S19_WT_prepared,9S19,,True,False,C,727,C727,213,CYS,-8.535,56.792,54.171,165.98389270192288,SG,16.81127127852026,True
9S19_WT_prepared,9S19,,True,False,C,729,G729,215,GLY,-13.061,58.253,49.317,,CA,15.06160877861326,True
9S19_WT_prepared,9S19,,True,False,C,730,F730,216,PHE,-13.566,54.539,48.569,97.39214497062927,CZ,17.618329489483386,True
9S19_WT_prepared,9S19,,True,False,C,852,I852,338,ILE,-11.876,48.64,37.747,-62.18153921943563,CD1,19.17695841367968,True
9S19_WT_prepared,9S19,,True,False,C,573,T573,59,THR,-6.108,54.954,42.442,67.40200887213952,OG1,10.403499122891295,True
9S19_WT_prepared,9S19,,True,False,C,705,T705,191,THR,-7.631,48.533,48.366,-48.33344782596736,OG1,16.625764463626926,True
9S19_WT_prepared,9S19,,True,False,C,707,S707,193,SER,-10.296,46.452,54.007,-38.225208869372395,OG,23.0272567840809,True
9S19_WT_prepared,9S19,,True,False,C,711,R711,197,ARG,-5.004,46.92,57.055,71.34207977154014,CZ,21.082935374373275,True
9S19_WT_prepared,9S19,,True,False,C,846,E846,332,GLU,-10.882,43.341,46.408,57.733781121850164,OE1,23.85515105800003,True
9S19_WT_prepared,9S19,,True,False,C,849,Y849,335,TYR,-12.096,46.859,42.866,-178.5142762060812,OH,14.96113625364063,True
9S19_WT_prepared,9S19,,True,False,C,851,E851,337,GLU,-8.978,46.206,38.346,76.62714706087755,OE1,21.765231586178906,True
9S19_WT_prepared,9S19,,True,False,C,917,F917,403,PHE,-14.851,48.381,52.408,72.26751519224548,CZ,20.00583479887805,True
9S19_WT_prepared,9S19,,True,False,C,577,K577,63,LYS,0.105,57.927,46.61,76.2298435387932,NZ,8.102159588652894,True
9S19_WT_prepared,9S19,,True,False,C,575,Y575,61,TYR,-5.241,60.234,44.224,177.03305899105624,OH,10.116689824245876,True
