complex,mutation,template,ligand,n_hbonds,n_hydrophobic,n_pi_stack,n_pi_cation,n_salt_bridge,n_halogen,n_water_bridge,total_interactions,interacting_residues,n_residues_interacting
C727A_7GQU_HRO761,C727A,7GQU,HRO761,3,7,0,0,0,0,0,10,708|727|846|887|894|898|916|917|920,9
C727A_7GQU_VVD-214,C727A,7GQU,VVD-214,1,4,1,0,0,0,0,6,570|706|727|849|898|917,6
C727A_9MJT_HRO761,C727A,9MJT,HRO761,3,5,0,1,0,0,0,9,552|711|730|732|849|850|857,7
C727A_9MJT_VVD-214,C727A,9MJT,VVD-214,2,6,0,0,0,0,0,8,725|727|730|849|850|857,6
C727A_9S18_HRO761,C727A,9S18,HRO761,5,6,0,1,0,3,0,15,706|730|732|827|849|854|857|910|913|914,10
C727A_9S18_VVD-214,C727A,9S18,VVD-214,2,5,0,2,0,0,0,9,706|727|730|732|853|913|914,7
C727R_7GQU_HRO761,C727R,7GQU,HRO761,4,5,0,0,0,0,0,9,708|727|846|887|894|898|916|917|920,9
C727R_7GQU_VVD-214,C727R,7GQU,VVD-214,1,5,1,0,0,0,0,7,570|725|727|849|898,5
C727R_7GQU_VVD-214_cov,C727R,7GQU,VVD-214_cov,2,7,0,0,0,0,0,9,570|725|727|849|898,5
C727R_9MJT_HRO761,C727R,9MJT,HRO761,5,3,0,1,0,0,0,9,704|705|706|707|708|828|830|857,8
C727R_9MJT_VVD-214,C727R,9MJT,VVD-214,3,5,0,1,0,1,0,10,708|828|829|830|831|857,6
C727R_9MJT_VVD-214_cov,C727R,9MJT,VVD-214_cov,1,2,0,0,0,1,0,4,704|731|922|925,4
C727R_9S18_HRO761,C727R,9S18,HRO761,6,3,0,1,0,0,0,10,565|725|727|827|829|846|857,7
C727R_9S18_VVD-214,C727R,9S18,VVD-214,2,4,0,0,0,1,0,7,725|727|849|857,4
C727R_9S18_VVD-214_cov,C727R,9S18,VVD-214_cov,3,5,0,1,0,1,0,10,724|725|727|849|854|857,6
C727S_7GQU_HRO761,C727S,7GQU,HRO761,4,6,0,0,0,0,0,10,708|727|846|887|894|898|916|917|919|920,10
C727S_7GQU_VVD-214,C727S,7GQU,VVD-214,2,3,1,0,0,0,0,6,570|727|849|898|917,5
C727S_9MJT_HRO761,C727S,9MJT,HRO761,5,5,0,1,0,0,0,11,552|711|727|730|732|849|850|857,8
C727S_9MJT_VVD-214,C727S,9MJT,VVD-214,1,3,0,0,0,1,0,5,570|706|730|732|857,5
C727S_9S18_HRO761,C727S,9S18,HRO761,6,7,0,1,0,3,0,17,706|727|730|732|827|849|852|854|857|910|913|914,12
C727S_9S18_VVD-214,C727S,9S18,VVD-214,3,5,0,2,0,0,0,10,706|727|730|732|849|853|914|918,8
F730L_7GQU_HRO761,F730L,7GQU,HRO761,3,7,0,0,0,0,0,10,708|846|887|894|898|916|917|919|920,9
F730L_7GQU_VVD-214,F730L,7GQU,VVD-214,1,4,1,0,0,0,0,6,570|706|849|898|916|917,6
F730L_7GQU_VVD-214_cov,F730L,7GQU,VVD-214_cov,1,5,1,0,0,0,0,7,570|706|849|898|917,5
F730L_9MJT_HRO761,F730L,9MJT,HRO761,6,3,0,1,0,0,0,10,704|705|706|707|708|828|830|857,8
F730L_9MJT_VVD-214,F730L,9MJT,VVD-214,2,4,1,0,0,0,0,7,570|711|725|727|730|849|857,7
F730L_9MJT_VVD-214_cov,F730L,9MJT,VVD-214_cov,2,4,1,0,0,0,0,7,570|706|727|730|732|849|857,7
F730L_9S18_HRO761,F730L,9S18,HRO761,4,8,0,0,0,1,0,13,706|730|735|827|849|852|854|857|913|914|918,11
F730L_9S18_VVD-214,F730L,9S18,VVD-214,1,2,0,0,0,2,0,5,725|732|849|857,4
F730L_9S18_VVD-214_cov,F730L,9S18,VVD-214_cov,1,4,0,0,0,1,0,6,706|730|853|854|856|857,6
G729D_7GQU_HRO761,G729D,7GQU,HRO761,2,6,0,0,0,1,0,9,555|570|846|917|920|921,6
G729D_7GQU_VVD-214,G729D,7GQU,VVD-214,1,3,1,0,0,0,0,5,570|849|898|916|917,5
G729D_7GQU_VVD-214_cov,G729D,7GQU,VVD-214_cov,2,5,1,0,0,0,0,8,570|706|849|898|916|917,6
G729D_9MJT_HRO761,G729D,9MJT,HRO761,5,4,0,1,0,0,0,10,704|705|706|707|708|731|828|830|857,9
G729D_9MJT_VVD-214,G729D,9MJT,VVD-214,2,5,0,0,0,1,0,8,570|706|725|727|730|732|849|857,8
G729D_9MJT_VVD-214_cov,G729D,9MJT,VVD-214_cov,2,6,1,0,0,1,0,10,552|570|706|727|730|732|846|849|850|857,10
G729D_9S18_HRO761,G729D,9S18,HRO761,4,8,0,0,0,1,0,13,706|730|735|827|849|852|854|857|913|914|918,11
G729D_9S18_VVD-214,G729D,9S18,VVD-214,1,2,0,0,0,1,0,4,725|732|857,3
G729D_9S18_VVD-214_cov,G729D,9S18,VVD-214_cov,1,4,0,0,0,1,0,6,706|730|853|854|856|857,6
I852F_7GQU_HRO761,I852F,7GQU,HRO761,3,7,0,0,0,0,0,10,708|846|887|894|898|916|917|919|920,9
I852F_7GQU_VVD-214,I852F,7GQU,VVD-214,1,3,1,0,0,0,0,5,570|849|898|916|917,5
I852F_7GQU_VVD-214_cov,I852F,7GQU,VVD-214_cov,1,4,1,0,0,0,0,6,570|849|898|917,4
I852F_9MJT_HRO761,I852F,9MJT,HRO761,5,4,0,1,0,0,0,10,704|705|706|707|708|731|828|830|857,9
I852F_9MJT_VVD-214,I852F,9MJT,VVD-214,2,6,0,0,0,0,0,8,570|711|725|727|730|732|849|857,8
I852F_9MJT_VVD-214_cov,I852F,9MJT,VVD-214_cov,2,4,1,0,0,0,0,7,570|706|727|730|732|849|857,7
I852F_9S18_HRO761,I852F,9S18,HRO761,4,8,0,0,0,1,0,13,706|730|735|827|849|852|854|857|913|914|918,11
I852F_9S18_VVD-214,I852F,9S18,VVD-214,1,2,0,0,0,2,0,5,725|732|849|857,4
I852F_9S18_VVD-214_cov,I852F,9S18,VVD-214_cov,1,4,0,0,0,1,0,6,706|730|853|854|856|857,6
L528S_7GQU_HRO761,L528S,7GQU,HRO761,3,6,0,0,0,0,0,9,708|846|887|894|898|916|919|920,8
L528S_7GQU_VVD-214,L528S,7GQU,VVD-214,1,4,1,0,0,0,0,6,570|849|898|916|917,5
L528S_7GQU_VVD-214_cov,L528S,7GQU,VVD-214_cov,1,4,1,0,0,0,0,6,570|706|849|898|917,5
L528S_9MJT_HRO761,L528S,9MJT,HRO761,6,3,0,1,0,0,0,10,704|706|707|708|732|828|830|857,8
L528S_9MJT_VVD-214,L528S,9MJT,VVD-214,2,5,0,0,0,1,0,8,570|706|725|727|730|732|849|857,8
L528S_9MJT_VVD-214_cov,L528S,9MJT,VVD-214_cov,2,6,1,0,0,1,0,10,552|570|706|727|730|732|846|849|850|857,10
L528S_9S18_HRO761,L528S,9S18,HRO761,4,8,0,0,0,1,0,13,706|730|735|827|849|852|854|857|913|914|918,11
L528S_9S18_VVD-214,L528S,9S18,VVD-214,1,3,0,0,0,2,0,6,725|732|849|857,4
L528S_9S18_VVD-214_cov,L528S,9S18,VVD-214_cov,1,4,0,0,0,1,0,6,706|730|853|854|856|857,6
NEG_9S19_WT_HRO761,NEG,9S19,HRO761,4,3,0,0,0,0,0,7,32|36|64|90|94|315|343,7
NEG_9S19_WT_VVD-214,NEG,9S19,VVD-214,2,3,0,0,0,1,0,6,64|87|90|315,4
WT_7GQU_HRO761,WT,7GQU,HRO761,3,6,0,0,0,0,0,9,708|846|887|894|898|916|919|920,8
WT_7GQU_VVD-214,WT,7GQU,VVD-214,1,3,1,0,0,0,0,5,570|849|898|917,4
WT_7GQU_VVD-214_cov,WT,7GQU,VVD-214_cov,1,5,1,0,0,0,0,7,570|706|849|898|917,5
WT_9MJT_HRO761,WT,9MJT,HRO761,4,3,0,1,0,0,0,8,704|705|706|707|708|828|830|857,8
WT_9MJT_VVD-214,WT,9MJT,VVD-214,2,4,1,0,0,1,0,8,570|711|725|727|730|846|849|857,8
WT_9MJT_VVD-214_cov,WT,9MJT,VVD-214_cov,2,4,1,0,0,0,0,7,570|706|727|730|732|849|857,7
WT_9S18_HRO761,WT,9S18,HRO761,4,8,0,0,0,1,0,13,706|730|735|827|849|852|854|857|913|914|918,11
WT_9S18_VVD-214,WT,9S18,VVD-214,1,2,0,0,0,1,0,4,725|732|857,3
WT_9S18_VVD-214_cov,WT,9S18,VVD-214_cov,1,4,0,0,0,1,0,6,706|730|853|854|856|857,6
